-- phpMyAdmin SQL Dump
-- version 5.2.1
-- https://www.phpmyadmin.net/
--
-- Host: 127.0.0.1
-- Generation Time: Oct 06, 2023 at 12:02 PM
-- Server version: 10.4.28-MariaDB
-- PHP Version: 8.2.4

SET SQL_MODE = "NO_AUTO_VALUE_ON_ZERO";
START TRANSACTION;
SET time_zone = "+00:00";


/*!40101 SET @OLD_CHARACTER_SET_CLIENT=@@CHARACTER_SET_CLIENT */;
/*!40101 SET @OLD_CHARACTER_SET_RESULTS=@@CHARACTER_SET_RESULTS */;
/*!40101 SET @OLD_COLLATION_CONNECTION=@@COLLATION_CONNECTION */;
/*!40101 SET NAMES utf8mb4 */;

--
-- Database: `royacomn_football_data`
--

-- --------------------------------------------------------

--
-- Table structure for table `matchdayratings`
--

CREATE TABLE `matchdayratings` (
  `MatchdayRatingID` int(11) NOT NULL,
  `HomeTeamID` int(11) DEFAULT NULL,
  `AwayTeamID` int(11) DEFAULT NULL,
  `HomeTeamRating` int(11) NOT NULL,
  `AwayTeamRating` int(11) NOT NULL
) ENGINE=InnoDB DEFAULT CHARSET=latin1 COLLATE=latin1_swedish_ci;

-- --------------------------------------------------------

--
-- Table structure for table `other_league`
--

CREATE TABLE `other_league` (
  `Player` varchar(100) NOT NULL,
  `Rating` float NOT NULL
) ENGINE=InnoDB DEFAULT CHARSET=utf8mb4 COLLATE=utf8mb4_general_ci;

--
-- Dumping data for table `other_league`
--

INSERT INTO `other_league` (`Player`, `Rating`) VALUES
('Lionel Messi', 8.28),
('Kylian Mbappé', 7.8),
('Neymar', 7.71),
('Alexandre Lacazette', 7.42),
('Rémy Cabella', 7.38),
('Téji Savanier', 7.28),
('Enzo Le Fée', 7.26),
('Jonathan David', 7.18),
('Benjamin André', 7.16),
('Benjamin Lecomte', 7.15),
('Benjamin Bourigeaud', 7.15),
('Florian Sotoca', 7.13),
('Amine Gouiri', 7.12),
('Gaëtan Laborde', 7.12),
('Aleksandr Golovin', 7.11),
('Seko Fofana', 7.1),
('Andrei Girotto', 7.09),
('Edon Zhegrova', 7.08),
('Branco van den Boomen', 7.08),
('Jérémy Doku', 7.08),
('Jean-Ricner Bellegarde', 7.07),
('Steve Mounié', 7.07),
('Wissam Ben Yedder', 7.07),
('Fabien Centonze', 7.06),
('Nuno Mendes', 7.04),
('Maxence Caqueret', 7.04),
('Alexis Sánchez', 7.04),
('Habib Diallo', 7.04),
('Nabil Bentaleb', 7.03),
('Przemyslaw Frankowski', 7.03),
('Ludovic Blas', 7.01),
('Valentin Rongier', 7),
('Franck Honorat', 7),
('Rayan Cherki', 6.99),
('Loïs Openda', 6.99),
('Pierre Lees-Melou', 6.99),
('Hicham Boudaoui', 6.97),
('Nicolas Pépé', 6.96),
('Jonathan Clauss', 6.95),
('Jonathan Gradit', 6.95),
('Dante', 6.94),
('Yunis Abdelhamid', 6.94),
('Rasmus Nicolaisen', 6.94),
('Achraf Hakimi', 6.94),
('Yehvann Diouf', 6.94),
('Kevin Danso', 6.94),
('Bradley Barcola', 6.94),
('Marco Verratti', 6.94),
('Vanderson', 6.93),
('Adrien Thomasson', 6.92),
('Alexander Djiku', 6.92),
('Caio Henrique', 6.92),
('Karl Toko Ekambi', 6.91),
('Jonathan Bamba', 6.91),
('Neto Borges', 6.91),
('Khéphren Thuram', 6.91),
('Folarin Balogun', 6.9),
('Azor Matusiwa', 6.89),
('Youssouf Fofana', 6.89),
('Fabián Ruiz', 6.89),
('Junya Ito', 6.89),
('Romain Del Castillo', 6.88),
('Gianluigi Donnarumma', 6.88),
('Marshall Munetsi', 6.88),
('Cengiz Ünder', 6.87),
('Elye Wahi', 6.87),
('Rony Lopes', 6.87),
('Nicolás Tagliafico', 6.86),
('Malo Gusto', 6.86),
('Nuno Tavares', 6.86),
('Jordan Veretout', 6.85),
('Baptiste Santamaría', 6.84),
('Rafael Ratão', 6.84),
('Axel Disasi', 6.83),
('Samuel Gigot', 6.83),
('Breel Embolo', 6.83),
('Adrien Truffert', 6.83),
('Ismaily', 6.83),
('Corentin Tolisso', 6.82),
('Alexis Flips', 6.82),
('Mory Diaw', 6.82),
('Hamari Traoré', 6.82),
('Sergio Ramos', 6.82),
('Jordan Lotomba', 6.82),
('Chancel Mbemba', 6.82),
('Stijn Spierings', 6.81),
('Pau López', 6.81),
('Alban Lafont', 6.81),
('Mikkel Desler', 6.8),
('Facundo Medina', 6.8),
('Maxime Dupé', 6.8),
('Adam Ounas', 6.8),
('Brendan Chardonnet', 6.79),
('Montassar Talbi', 6.79),
('Johan Gastien', 6.79),
('Alexsandro Ribeiro', 6.79),
('Salis Abdul Samed', 6.79),
('Emmanuel Agbadou', 6.79),
('Kasper Schmeichel', 6.79),
('Jean-Clair Todibo', 6.79),
('Mohamed Camara', 6.78),
('Krépin Diatta', 6.78),
('Himad Abdelli', 6.78),
('Rominigue Kouamé', 6.77),
('Brice Samba', 6.77),
('Arnaud Nordin', 6.76),
('Danilo Pereira', 6.76),
('Guillermo Maripán', 6.76),
('Nordi Mukiele', 6.76),
('Melvin Bard', 6.75),
('Sinaly Diomandé', 6.75),
('Alidu Seidu', 6.75),
('Faitout Maouassa', 6.75),
('Sead Kolasinac', 6.74),
('Vitinha', 6.74),
('Christopher Jullien', 6.74),
('Saîf-Eddine Khaoui', 6.74),
('Jérémy Le Douaron', 6.73),
('Castello Lukeba', 6.73),
('Mama Baldé', 6.73),
('Gideon Mensah', 6.73),
('Sofiane Diop', 6.73),
('Jubal', 6.73),
('Leonardo Balerdi', 6.73),
('Quentin Merlin', 6.73),
('Badredine Bouanani', 6.72),
('Lovro Majer', 6.72),
('Laurent Abergel', 6.72),
('Deiver Machado', 6.72),
('Marquinhos', 6.72),
('Désiré Doué', 6.71),
('Angel Gomes', 6.71),
('Arthur Theate', 6.71),
('André Gomes', 6.71),
('Steve Mandanda', 6.7),
('Marco Bizot', 6.7),
('Zakaria Aboukhlal', 6.7),
('Farès Chaïbi', 6.7),
('Jean-Charles Castelletto', 6.69),
('Aaron Ramsey', 6.69),
('Tiago Djaló', 6.69),
('Gédéon Kalulu', 6.69),
('Nuno da Costa', 6.69),
('Anthony Lopes', 6.69),
('Alexander Nübel', 6.68),
('Joris Chotard', 6.67),
('Nicolas Pallois', 6.67),
('Dimitri Payet', 6.67),
('Bafodé Diakité', 6.66),
('Lilian Brassier', 6.66),
('Anthony Rouault', 6.65),
('Maximiliano Caufriez', 6.65),
('Maxime Le Marchand', 6.65),
('Grejohn Kyei', 6.65),
('Thijs Dallinga', 6.65),
('Ruslan Malinovskyi', 6.65),
('Ismaël Doukouré', 6.65),
('Mostafa Mohamed', 6.64),
('Julien Laporte', 6.64),
('Eliesse Ben Seghir', 6.64),
('Vincent Le Goff', 6.63),
('Mahdi Camara', 6.63),
('Mattéo Guendouzi', 6.63),
('Hamza Sakhi', 6.63),
('Lucas Chevalier', 6.63),
('Arnaud Kalimuendo', 6.62),
('Xavier Chavalerin', 6.62),
('Flavien Tait', 6.62),
('Matz Sels', 6.61),
('Wahbi Khazri', 6.61),
('Isaak Touré', 6.61),
('Saël Kumbedi', 6.61),
('Jens Cajuste', 6.61),
('Thiago Mendes', 6.61),
('Mateusz Wieteska', 6.61),
('Thomas Foket', 6.61),
('Juan Bernat', 6.61),
('Gauthier Gallon', 6.6),
('Thibault De Smet', 6.6),
('Kevin Gameiro', 6.6),
('Yvon Mvogo', 6.59),
('Jackson Porozo', 6.59),
('Habib Diarra', 6.59),
('Birama Touré', 6.59),
('Lucas Perrin', 6.59),
('Hugo Ekitike', 6.59),
('José Fonte', 6.58),
('Yan Valery', 6.57),
('Elbasan Rashani', 6.57),
('Issa Kaboré', 6.57),
('Ignatius Ganago', 6.56),
('Mounaïm El Idrissy', 6.56),
('Alexis Claude-Maurice', 6.56),
('Mathias Autret', 6.56),
('Muhammed Cham', 6.55),
('Jordan Ferri', 6.55),
('Renaud Ripart', 6.55),
('Moses Simon', 6.55),
('Maxime Gonalons', 6.55),
('Jean-Kévin Duverne', 6.54),
('Ross Barkley', 6.54),
('Stephy Mavididi', 6.54),
('David Pereira da Costa', 6.53),
('Maxime Estève', 6.53),
('Timothy Weah', 6.53),
('Mohamed Youssouf', 6.53),
('Noah Fadiga', 6.52),
('Falaye Sacko', 6.52),
('Dimitri Liénard', 6.52),
('Florent Mollet', 6.52),
('Pedro Chirivella', 6.52),
('Akim Zedadka', 6.51),
('Rayan Raveloson', 6.51),
('Kamory Doumbia', 6.5),
('Haris Belkebla', 6.5),
('Evann Guessand', 6.5),
('Brecht Dejaegere', 6.5),
('Jean Onana', 6.5),
('Yohann Magnin', 6.49),
('Johann Lepenant', 6.49),
('Mickaël Barreto', 6.49),
('Vincent Marchetti', 6.49),
('Lesley Ugochukwu', 6.48),
('Théo Le Bris', 6.48),
('Sanjin Prcic', 6.48),
('Massadio Haïdara', 6.47),
('Gaetan Perrin', 6.47),
('Abdu Conté', 6.46),
('Ibrahima Koné', 6.46),
('Carlos Soler', 6.46),
('Hugo Magnetti', 6.46),
('Stéphane Diarra', 6.46),
('Mathias Pereira Lage', 6.45),
('Jim Allevinah', 6.45),
('Wesley Saïd', 6.45),
('Léo Leroy', 6.45),
('Yasser Larouci', 6.45),
('Colin Dagba', 6.44),
('Gerzino Nyamsi', 6.44),
('Renato Sanches', 6.43),
('Jean-Eudes Aholou', 6.43),
('Yoann Salmier', 6.43),
('Wilson Odobert', 6.43),
('Dion Lopy', 6.43),
('Miha Blazic', 6.42),
('Samuel Moutoussamy', 6.42),
('Adil Rami', 6.41),
('Ibrahima Sissoko', 6.41),
('Paul Bernardoni', 6.4),
('Julian Jeanvier', 6.4),
('Lassine Sinayoko', 6.4),
('Pablo Rosario', 6.4),
('Julien Ponceau', 6.39),
('Souleyman Doumbia', 6.39),
('Cyrille Bayala', 6.39),
('Arbër Zeneli', 6.39),
('Billal Brahimi', 6.39),
('Oumar Gonzalez', 6.39),
('Moussa Sissoko', 6.38),
('Thierno Baldé', 6.38),
('Yoann Cathline', 6.38),
('Abdallah Sima', 6.38),
('Birger Meling', 6.37),
('Adrien Hunou', 6.37),
('Cédric Hountondji', 6.37),
('Pierrick Capelle', 6.36),
('Ismaël Diallo', 6.36),
('Batista Mendy', 6.35),
('Amine Salama', 6.35),
('Mitchell van Bergen', 6.35),
('Mickaël Alphonse', 6.35),
('Moussa Diarra', 6.35),
('Denis Genreau', 6.35),
('Komnen Andric', 6.34),
('Ruben Aguilar', 6.34),
('Maxime Busi', 6.34),
('Khalil Fayad', 6.34),
('Bonke Innocent', 6.34),
('Erik Palmer-Brown', 6.34),
('Florent Ogier', 6.33),
('Gauthier Hein', 6.33),
('Thomas Mangani', 6.32),
('Moussa Dembélé', 6.32),
('Benoît Costil', 6.32),
('Enzo Tchato Mbiayi', 6.32),
('Marcus Coco', 6.32),
('Romain Hamouma', 6.31),
('M\'Baye Niang', 6.31),
('Warren Zaïre-Emery', 6.31),
('Clément Vidal', 6.29),
('Youssouf M\'Changama', 6.29),
('Mohamed Bayo', 6.29),
('Eliot Matazo', 6.29),
('Jérémie Bela', 6.28),
('Ismail Jakobs', 6.27),
('Carlos Baleba', 6.27),
('Sada Thioub', 6.26),
('Andreas Bruus', 6.26),
('Kevin Spadanuda', 6.26),
('Sébastien Corchia', 6.26),
('Benjamin Leroy', 6.26),
('Mathieu Coutadeur', 6.24),
('Riad Nouri', 6.24),
('Valère Germain', 6.23),
('Matthis Abline', 6.23),
('Lebo Mothiba', 6.22),
('Ado Onaiwu', 6.22),
('Abdoulaye Bamba', 6.2),
('Iké Ugbo', 6.2),
('Cédric Avinel', 6.18),
('Veljko Birmancevic', 6.11),
('Antoine Griezmann', 7.69),
('Karim Benzema', 7.53),
('Robert Lewandowski', 7.49),
('Vinícius Júnior', 7.35),
('Rodrygo', 7.26),
('Pedri', 7.2),
('Joselu', 7.15),
('Frenkie de Jong', 7.15),
('Ousmane Dembélé', 7.14),
('Mikel Merino', 7.13),
('Lee Kang-In', 7.09),
('Federico Valverde', 7.08),
('Sergi Darder', 7.08),
('Enes Ünal', 7.07),
('Juan Foyth', 7.06),
('Isi Palazón', 7.05),
('Raphinha', 7.04),
('Toni Kroos', 7.04),
('Aleix García', 7.04),
('Aurélien Tchouaméni', 7.04),
('Jeremías Ledesma', 7.03),
('Éder Militão', 7.03),
('Vedat Muriqi', 7.01),
('Sergio Busquets', 6.99),
('Takefusa Kubo', 6.98),
('Guido Rodríguez', 6.98),
('José Gayà', 6.98),
('Javi Galán', 6.98),
('Jules Koundé', 6.97),
('José Giménez', 6.96),
('Daniel Parejo', 6.96),
('Marco Asensio', 6.94),
('Thibaut Courtois', 6.94),
('Gerard Moreno', 6.94),
('Brais Méndez', 6.93),
('Loïc Badé', 6.92),
('Iago Aspas', 6.91),
('Viktor Tsygankov', 6.91),
('Ronald Araújo', 6.91),
('Yeremy Pino', 6.91),
('Lucas Robertone', 6.91),
('Reinildo', 6.91),
('Alejandro Balde', 6.9),
('Nico Williams', 6.89),
('Samuel Chukwueze', 6.89),
('Antonio Raíllo', 6.88),
('Nicolas Jackson', 6.87),
('Ayoze Pérez', 6.87),
('Marc-André ter Stegen', 6.86),
('Yannick Carrasco', 6.85),
('Alexander Sørloth', 6.85),
('David Silva', 6.85),
('Álvaro Morata', 6.85),
('Aitor Fernández', 6.85),
('André Almeida', 6.84),
('David Soria', 6.84),
('Gavi', 6.84),
('Iñaki Williams', 6.83),
('Jordi Masip', 6.83),
('Giovani Lo Celso', 6.82),
('Jordi Alba', 6.82),
('Andreas Christensen', 6.82),
('Álvaro García', 6.82),
('Gabri Veiga', 6.82),
('Samuel Lino', 6.81),
('Juan Miranda', 6.81),
('Marcos Llorente', 6.81),
('Rodrigo De Paul', 6.81),
('Pau Torres', 6.8),
('Adrián Embarba', 6.8),
('Yuri Berchiche', 6.79),
('Yeray Álvarez', 6.79),
('Nahuel Molina', 6.79),
('Lucas Boyé', 6.79),
('Iza Carcelén', 6.79),
('Eduardo Camavinga', 6.78),
('Youssouf Sabaly', 6.78),
('Pablo Maffeo', 6.78),
('Marcos Acuña', 6.78),
('Santi Comesaña', 6.77),
('David García', 6.77),
('Robin Le Normand', 6.76),
('David López', 6.75),
('Gonzalo Plata', 6.75),
('Diego Rico', 6.75),
('Dani Ceballos', 6.74),
('Gumbau', 6.74),
('Alex Berenguer', 6.74),
('Copete', 6.74),
('Omar Alderete', 6.74),
('Arnau Martínez', 6.74),
('Edgar Badia', 6.73),
('Iker Muniain', 6.72),
('Alfonso Espino', 6.72),
('Oihan Sancet', 6.72),
('Mario Hermoso', 6.72),
('William Carvalho', 6.72),
('Koke', 6.72),
('Unai Núñez', 6.74),
('Fran García', 6.72),
('Stefan Savic', 6.72),
('Sergio Canales', 6.72),
('Cyle Larin', 6.71),
('Etienne Capoue', 6.72),
('Lucas Ocampos', 6.71),
('Lucas Torró', 6.71),
('Germán Pezzella', 6.74),
('Álex Remiro', 6.71),
('Valentín Castellanos', 6.71),
('Moi Gómez', 6.71),
('Martín Zubimendi', 6.71),
('Oriol Romeu', 6.71),
('Lucas Vázquez', 6.7),
('Eray Cömert', 6.7),
('Rui Silva', 6.7),
('El Bilal Touré', 6.7),
('Ante Budimir', 6.7),
('Paulo Gazzaniga', 6.69),
('Predrag Rajkovic', 6.69),
('Luis Suárez', 6.69),
('Sergio Escudero', 6.69),
('Aitor Ruibal', 6.68),
('Vinicius Souza', 6.68),
('Thierry Correia', 6.68),
('Rubén Sobrino', 6.68),
('Jan Oblak', 6.67),
('Omar Mascarell', 6.67),
('Nemanja Gudelj', 6.67),
('Íñigo Ruíz de Galarreta', 6.67),
('Suso', 6.67),
('Justin Kluivert', 6.66),
('Óscar De Marcos', 6.66),
('Fernando Martínez', 6.66),
('Aridane Hernández', 6.66),
('Alfonso Pedraza', 6.65),
('Abde Ezzalzouli', 6.65),
('Raúl Albiol', 6.65),
('Luka Modric', 6.65),
('Luiz Felipe', 6.65),
('Sergi Roberto', 6.65),
('Mouctar Diakhaby', 6.65),
('Joseph Aidoo', 6.65),
('Igor Zubeldia', 6.64),
('Luiz Henrique', 6.64),
('Ander Barrenetxea', 6.64),
('Hugo Mallo', 6.64),
('Óscar Trejo', 6.64),
('Thomas Lemar', 6.63),
('Mikel Vesga', 6.63),
('Clerc', 6.63),
('Borja Iglesias', 6.63),
('Aimar Oroz', 6.63),
('Rodrigo Riquelme', 6.63),
('Luis Milla', 6.63),
('Martin Valjent', 6.62),
('Nacho', 6.62),
('Eric García', 6.62),
('Aihen Muñoz', 6.62),
('Kike Barja', 6.61),
('Léo Baptistão', 6.61),
('Alejandro Catena', 6.61),
('Aïssa Mandi', 6.61),
('Brian Oliván', 6.6),
('César Montes', 6.6),
('Dani Rodríguez', 6.6),
('Jawad El Yamiq', 6.59),
('Carles Pérez', 6.6),
('Théo Bongonda', 6.59),
('Óscar Valentín', 6.59),
('Álex Baena', 6.59),
('Chimy Avila', 6.59),
('Dani Vivian', 6.59),
('Nico González', 6.59),
('David Alaba', 6.58),
('Santiago Bueno', 6.58),
('Tete Morente', 6.58),
('Pepe Reina', 6.58),
('Gonzalo Melero', 6.58),
('Edgar González', 6.58),
('Franco Cervi', 6.57),
('Samu Castillejo', 6.57),
('Fernando', 6.57),
('Kike Pérez', 6.57),
('Florian Lejeune', 6.57),
('Iván Sánchez', 6.57),
('Rodri', 6.57),
('Miguel Gutiérrez', 6.57),
('Iván Fresneda', 6.56),
('Martin Braithwaite', 6.56),
('Saúl Ñíguez', 6.56),
('Nemanja Maksimovic', 6.55),
('Youssef En-Nesyri', 6.55),
('Samú Costa', 6.55),
('Geoffrey Kondogbia', 6.55),
('Óliver Torres', 6.55),
('Lázaro', 6.55),
('Iván Martín', 6.55),
('Ansu Fati', 6.55),
('Axel Witsel', 6.55),
('Íñigo Lekue', 6.54),
('Asier Illarramendi', 6.54),
('Damián Suárez', 6.54),
('Sergio Camello', 6.54),
('Javi Sánchez', 6.54),
('Giorgi Mamardashvili', 6.54),
('Ivan Rakitic', 6.54),
('Manu Sánchez', 6.54),
('Erik Lamela', 6.53),
('Rubén Peña', 6.53),
('Djené Dakonam', 6.53),
('Srdjan Babic', 6.53),
('Marcos Alonso', 6.53),
('Antonio Rüdiger', 6.53),
('Rodrigo Ely', 6.52),
('Monchu', 6.52),
('Joaquín Fernández', 6.52),
('Jaume Costa', 6.52),
('Yan Couto', 6.52),
('Alex Telles', 6.52),
('Agustín Marchesín', 6.52),
('Gorka Guruzeta', 6.52),
('Javier Puado', 6.51),
('Andrés Guardado', 6.51),
('Óscar Plano', 6.51),
('Juan Iglesias', 6.51),
('Ángel Correa', 6.5),
('Domingos Duarte', 6.5),
('Borja Mayoral', 6.5),
('Rubén Alcaraz', 6.5),
('Gastón Álvarez', 6.5),
('Fran Beltrán', 6.49),
('Andoni Gorosabel', 6.49),
('Leandro Cabrera', 6.48),
('Óscar Rodríguez', 6.48),
('Ferran Torres', 6.48),
('Alejandro Pozo', 6.48),
('José Morales', 6.48),
('Jørgen Strand Larsen', 6.48),
('Unai Simón', 6.48),
('Stefan Mitrovic', 6.48),
('Edu Expósito', 6.47),
('Toni Villa', 6.47),
('Dani García', 6.47),
('Mohamed-Ali Cho', 6.47),
('Hugo Guillamón', 6.46),
('Lucas Olaza', 6.46),
('Luis Hernández', 6.46),
('Álvaro Aguado', 6.46),
('Unai García', 6.46),
('Óscar Mingueza', 6.46),
('Jesús Navas', 6.46),
('Nacho Vidal', 6.45),
('Yangel Herrera', 6.45),
('Javi Hernández', 6.45),
('Fernando Calero', 6.45),
('Raúl de Tomás', 6.44),
('Fali', 6.44),
('Stole Dimitrievski', 6.44),
('Kiko Femenía', 6.44),
('Jon Moncayola', 6.44),
('Rubén García', 6.44),
('Dani Carvajal', 6.44),
('Iván Balliu', 6.44),
('Gabriel Paulista', 6.43),
('Munir El Haddadi', 6.43),
('Josan', 6.43),
('Sergi Gómez', 6.43),
('Alberto Moreno', 6.43),
('Papu Gómez', 6.42),
('Edinson Cavani', 6.42),
('Pere Milla', 6.42),
('Sergio Akieme', 6.42),
('Yassine Bounou', 6.42),
('Yunus Musah', 6.42),
('Mikel Oyarzabal', 6.42),
('Iván Villar', 6.42),
('Aritz Elustondo', 6.41),
('Pedro Bigas', 6.4),
('Óscar Gil', 6.4),
('César de la Hoz', 6.4),
('Roque Mesa', 6.4),
('Fidel', 6.4),
('Dimitri Foulquier', 6.39),
('Rafa Mir', 6.39),
('Iddrisu Baba', 6.39),
('Bernardo Espinosa', 6.39),
('Renato Tapia', 6.38),
('Tanguy Nianzou', 6.38),
('Pablo Ibáñez', 6.37),
('Helibelton Palacios', 6.37),
('Nicolás Melamed', 6.36),
('Juan Cruz', 6.36),
('Gonzalo Montiel', 6.35),
('Unai López', 6.35),
('Joan Jordán', 6.35),
('Pathé Ciss', 6.35),
('Juanpe', 6.35),
('Álvaro Negredo', 6.35),
('Álex Fernández', 6.35),
('Darko Brasanac', 6.35),
('Chumi', 6.34),
('Reinier', 6.34),
('Raúl García', 6.34),
('Cristhian Stuani', 6.33),
('Toni Lato', 6.33),
('Juanmi', 6.33),
('Largie Ramazani', 6.32),
('Luca de la Torre', 6.32),
('Anthony Lozano', 6.32),
('Ilaix Moriba', 6.32),
('Portu', 6.32),
('Valery Fernández', 6.31),
('Pablo Barrios', 6.31),
('Joaquín', 6.31),
('Fede San Emeterio', 6.31),
('Franck Kessié', 6.3),
('Amath Ndiaye', 6.29),
('Sergio León', 6.28),
('Dyego Sousa', 6.28),
('Manu Trigueros', 6.27),
('Enzo Roco', 6.27),
('Francisco Portillo', 6.27),
('Carles Aleñá', 6.25),
('Aleix Vidal', 6.25),
('Carlos Fernández', 6.25),
('Jaime Mata', 6.24),
('Arnau Puigmal', 6.24),
('Kike García', 6.23),
('Gonçalo Paciência', 6.23),
('Iván Alejo', 6.22),
('Íñigo Eguaras', 6.22),
('Ángel Algobia', 6.21),
('Willian José', 6.21),
('Oier Zarraga', 6.21),
('Clément Grenier', 6.21),
('José Mari', 6.2),
('Ezequiel Ponce', 6.19),
('Hugo Duro', 6.19),
('Antonio Sánchez', 6.17),
('Abdón Prats', 6.14),
('Raúl Guti', 6.13),
('Radamel Falcao', 6.1),
('Salvi Sánchez', 6.09),
('Jude Bellingham', 7.58),
('Joshua Kimmich', 7.47),
('Niclas Füllkrug', 7.38),
('Christopher Nkunku', 7.35),
('Jamal Musiala', 7.34),
('Dominik Szoboszlai', 7.32),
('Randal Kolo Muani', 7.29),
('Julian Brandt', 7.28),
('Raphaël Guerreiro', 7.27),
('Vincenzo Grifo', 7.26),
('Jonas Hofmann', 7.25),
('Sébastien Haller', 7.21),
('Donyell Malen', 7.2),
('Kingsley Coman', 7.2),
('Eric Choupo-Moting', 7.19),
('Benjamin Pavard', 7.17),
('Alphonso Davies', 7.14),
('Thomas Müller', 7.12),
('Julian Chabot', 7.12),
('Jeremie Frimpong', 7.12),
('Michael Gregoritsch', 7.11),
('Serge Gnabry', 7.1),
('Marcus Thuram', 7.09),
('Leroy Sané', 7.09),
('Nico Schlotterbeck', 7.09),
('Florian Kainz', 7.06),
('Moussa Diaby', 7.06),
('Willi Orbán', 7.04),
('Ellyes Skhiri', 7.04),
('Maximilian Arnold', 7.02),
('Wataru Endo', 6.97),
('Ramy Bensebaïni', 6.96),
('Matthias Ginter', 6.95),
('Mitchell Weiser', 6.93),
('Matthijs de Ligt', 6.93),
('Dani Olmo', 6.92),
('Christoph Baumgartner', 6.91),
('Sheraldo Becker', 6.91),
('Rodrigo Zalazar', 6.9),
('Ritsu Doan', 6.9),
('Timo Hübers', 6.89),
('Leon Goretzka', 6.89),
('Emre Can', 6.88),
('Lucas Tousart', 6.87),
('Robin Knoche', 6.87),
('Robert Andrich', 6.87),
('Marc Oliver Kempf', 6.87),
('Noussair Mazraoui', 6.86),
('Konrad Laimer', 6.86),
('Felix Nmecha', 6.86),
('Karim Adeyemi', 6.86),
('Sadio Mané', 6.86),
('Anton Stach', 6.85),
('Dodi Lukébakio', 6.85),
('Lucas Höler', 6.84),
('Kevin Stöger', 6.84),
('Kevin Behrens', 6.83),
('Ihlas Bebou', 6.83),
('Karim Onisiwo', 6.82),
('Timo Werner', 6.82),
('Exequiel Palacios', 6.82),
('Marius Wolf', 6.81),
('Aurélio Buta', 6.81),
('Manu Koné', 6.81),
('Philipp Lienhart', 6.81),
('Lukas Kübler', 6.81),
('Lars Stindl', 6.81),
('Daichi Kamada', 6.8),
('Rafal Gikiewicz', 6.8),
('Mark Flekken', 6.8),
('Niklas Süle', 6.8),
('Nicolas Höfler', 6.79),
('Gregor Kobel', 6.79),
('Lee Jae-Sung', 6.78),
('Koen Casteels', 6.78),
('Christopher Trimmel', 6.77),
('Serhou Guirassy', 6.76),
('Benjamin Henrichs', 6.76),
('Ermedin Demirovic', 6.76),
('Stefan Bell', 6.76),
('Ko Itakura', 6.76),
('Leandro Barreiro', 6.75),
('Ridle Baku', 6.73),
('Angeliño', 6.73),
('Marius Bülter', 6.72),
('Tuta', 6.72),
('Ivan Ordets', 6.72),
('Éric Ebimbe', 6.71),
('Dayot Upamecano', 6.71),
('Jakub Kaminski', 6.7),
('Marco Richter', 6.7),
('Kevin Akpoguma', 6.7),
('Oliver Baumann', 6.7),
('Anthony Losilla', 6.7),
('Xaver Schlager', 6.69),
('Kerem Demirbay', 6.69),
('Hiroki Ito', 6.69),
('Anthony Caci', 6.69),
('Amine Adli', 6.69),
('Mërgim Berisha', 6.69),
('Marco Reus', 6.69),
('Nico Elvedi', 6.69),
('Eric Martel', 6.68),
('Ozan Kabak', 6.68),
('Maximilian Eggestein', 6.68),
('Jonas Wind', 6.68),
('Evan Ndicka', 6.67),
('Josko Gvardiol', 6.67),
('Marco Friedl', 6.67),
('Jesper Lindstrøm', 6.66),
('Aarón Martín', 6.66),
('Piero Hincapié', 6.66),
('Tom Krauß', 6.66),
('Micky van de Ven', 6.66),
('Suat Serdar', 6.66),
('Maxence Lacroix', 6.66),
('Christopher Lenz', 6.66),
('Rani Khedira', 6.66),
('Mario Götze', 6.65),
('Robin Zentner', 6.65),
('Chris Führich', 6.65),
('Christian Günter', 6.65),
('Andrej Kramaric', 6.65),
('Mohamed Simakan', 6.65),
('Roland Sallai', 6.64),
('Edmond Tapsoba', 6.64),
('Leonardo Bittencourt', 6.64),
('Janik Haberer', 6.63),
('David Raum', 6.63),
('Maya Yoshida', 6.63),
('Mattias Svanberg', 6.63),
('André Silva', 6.63),
('Manuel Riemann', 6.63),
('Janis Blaswich', 6.63),
('Niklas Schmidt', 6.62),
('Dominik Kohr', 6.62),
('Jeffrey Gouweleeuw', 6.62),
('Yannick Gerhardt', 6.62),
('Silas Katompa Mvumpa', 6.62),
('Jirí Pavlenka', 6.62),
('Dennis Geiger', 6.61),
('Djibril Sow', 6.61),
('Edimilson Fernandes', 6.6),
('Atakan Karazor', 6.6),
('Youssoufa Moukoko', 6.6),
('Christopher Antwi-Adjei', 6.6),
('Sebastiaan Bornauw', 6.6),
('Philipp Förster', 6.6),
('Alassane Plea', 6.59),
('Steffen Tigges', 6.59),
('Niklas Stark', 6.59),
('Jonathan Tah', 6.58),
('Diogo Leite', 6.58),
('Grischa Prömel', 6.58),
('Giovanni Reyna', 6.58),
('Chidera Ejuke', 6.58),
('Amos Pieper', 6.58),
('Julian Weigl', 6.57),
('Rubén Vargas', 6.57),
('Dion Beljo', 6.57),
('Robert Skov', 6.57),
('Waldemar Anton', 6.57),
('Anthony Jung', 6.56),
('Jordan Siebatcheu', 6.56),
('Jonjoe Kenny', 6.55),
('Dejan Ljubicic', 6.55),
('Danilo Soares', 6.55),
('Erhan Masovic', 6.54),
('Munas Dabbur', 6.53),
('Felix Uduokhai', 6.53),
('Lukás Hrádecký', 6.53),
('Emil Forsberg', 6.53),
('Cédric Brunner', 6.53),
('Konstantinos Stafylidis', 6.52),
('Sebastian Rode', 6.52),
('Silvan Widmer', 6.52),
('Omar Marmoush', 6.51),
('Ansgar Knauff', 6.51),
('Christian Groß', 6.51),
('Milos Veljkovic', 6.51),
('Kristijan Jakic', 6.51),
('Marcel Halstenberg', 6.5),
('Niko Gießelmann', 6.5),
('Adam Hlozek', 6.5),
('Odilon Kossounou', 6.5),
('Tiago Tomás', 6.49),
('Simon Terodde', 6.49),
('Salih Özcan', 6.49),
('Christoph Kramer', 6.49),
('Linton Maina', 6.49),
('Josuha Guilavogui', 6.48),
('Jens Stage', 6.48),
('Arne Engels', 6.48),
('Jan Thielmann', 6.48),
('Joe Scally', 6.47),
('Amadou Haidara', 6.47),
('Pavel Kaderábek', 6.47),
('Benno Schmitz', 6.46),
('Arne Maier', 6.46),
('Marvin Plattenhardt', 6.45),
('Josha Vagnoman', 6.44),
('Florian Neuhaus', 6.44),
('Anthony Modeste', 6.44),
('Sardar Azmoun', 6.44),
('Kevin Trapp', 6.44),
('Kiliann Sildillia', 6.43),
('Kevin Vogt', 6.43),
('Henning Matriciani', 6.42),
('Wilfried Kanga', 6.42),
('Enzo Millot', 6.42),
('Takuma Asano', 6.42),
('Iago', 6.42),
('Nadiem Amiri', 6.42),
('Marcus Ingvartsen', 6.42),
('Yussuf Poulsen', 6.41),
('Mads Pedersen', 6.41),
('Dominick Drexler', 6.41),
('Alexander Hack', 6.41),
('Paul Seguin', 6.41),
('Tobias Mohr', 6.41),
('Kevin Kampl', 6.41),
('Elvis Rexhbecaj', 6.39),
('Filip Uremovic', 6.39),
('Oliver Christensen', 6.39),
('Danny da Costa', 6.39),
('Marvin Friedrich', 6.39),
('Makoto Hasebe', 6.39),
('Mitchel Bakker', 6.38),
('Stanley Nsoki', 6.38),
('Kevin Paredes', 6.38),
('Alex Král', 6.38),
('Angelo Stiller', 6.37),
('Robert Gumny', 6.37),
('Yann Sommer', 6.37),
('Romano Schmid', 6.37),
('Mathys Tel', 6.36),
('Luca Netz', 6.35),
('Alexander Schwolow', 6.35),
('Sebastian Polter', 6.35),
('Cristian Gamboa', 6.34),
('Sebastian Rudy', 6.34),
('Gerrit Holtmann', 6.33),
('Kenan Karaman', 6.33),
('Marvin Schwäbe', 6.33),
('Maximilian Bauer', 6.33),
('Jessic Ngankam', 6.33),
('Fredrik Jensen', 6.33),
('Jean-Paul Boëtius', 6.32),
('Ivan Sunjic', 6.32),
('Noah Weißhaupt', 6.32),
('Ilia Gruev', 6.31),
('Lee Buchanan', 6.31),
('Denis Huseinbasic', 6.3),
('Ryan Gravenberch', 6.29),
('Kingsley Schindler', 6.29),
('Rafael Borré', 6.29),
('Yannik Keitel', 6.28),
('Sven Michel', 6.28),
('Aymen Barkok', 6.27),
('Morten Thorsby', 6.27),
('Jordi Osei-Tutu', 6.27),
('Sargis Adamyan', 6.26),
('Hannes Wolf', 6.25),
('Agustín Rogel', 6.25),
('Patrick Osterhage', 6.23),
('Simon Zoller', 6.23),
('Nathan Ngoumou', 6.23),
('Florian Müller', 6.21),
('Luca Waldschmidt', 6.21),
('Saidy Janko', 6.21),
('Jeong Woo-Yeong', 6.2),
('Lucas Alario', 6.19),
('Luca Pfeiffer', 6.17),
('Danny Latza', 6.16),
('Nils Petersen', 6.1),
('Patrick Herrmann', 6.04),
('Victor Osimhen', 7.45),
('Khvicha Kvaratskhelia', 7.43),
('Sergej Milinkovic-Savic', 7.24),
('Paulo Dybala', 7.2),
('Rafael Leão', 7.19),
('Lautaro Martínez', 7.18),
('Mattia Zaccagni', 7.16),
('Domenico Berardi', 7.15),
('Armand Laurienté', 7.11),
('Adrien Rabiot', 7.11),
('Teun Koopmeiners', 7.11),
('Felipe Anderson', 7.09),
('Lorenzo Pellegrini', 7.09),
('Mário Rui', 7.09),
('Lucas Martínez', 7.08),
('Hakan Çalhanoglu', 7.07),
('Kim Min-Jae', 7.07),
('Giovanni Di Lorenzo', 7.04),
('Danilo', 7.04),
('André-Frank Zambo Anguissa', 7.03),
('Carlos Augusto', 6.99),
('Luis Alberto', 6.98),
('Stefan Posch', 6.96),
('Romelu Lukaku', 6.96),
('Ismaël Bennacer', 6.96),
('Nicolò Barella', 6.94),
('Armando Izzo', 6.93),
('Piotr Zielinski', 6.93),
('Fabiano Parisi', 6.93),
('Cristiano Biraghi', 6.92),
('Bremer', 6.92),
('Nicolás Domínguez', 6.91),
('Chris Smalling', 6.91),
('Sandro Tonali', 6.91),
('Ademola Lookman', 6.91),
('Ivan Provedel', 6.89),
('Fikayo Tomori', 6.89),
('Juan Cuadrado', 6.89),
('Olivier Giroud', 6.88),
('Manuel Locatelli', 6.88),
('Boulaye Dia', 6.88),
('Federico Dimarco', 6.87),
('Stanislav Lobotka', 6.87),
('Theo Hernández', 6.87),
('Ibañez', 6.87),
('Amir Rrahmani', 6.87),
('Destiny Udogie', 6.87),
('Stefan de Vrij', 6.87),
('Ciro Immobile', 6.87),
('Matteo Pessina', 6.86),
('Jaka Bijol', 6.86),
('Alessio Romagnoli', 6.86),
('Guglielmo Vicario', 6.85),
('Ángel Di María', 6.83),
('Junior Messias', 6.82),
('Rafael Tolói', 6.82),
('Morten Hjulmand', 6.82),
('Antonio Sanabria', 6.82),
('Rade Krunic', 6.81),
('Bryan Cristante', 6.81),
('Ardian Ismajli', 6.8),
('Guillermo Ochoa', 6.8),
('Davide Zappacosta', 6.8),
('Davide Frattesi', 6.8),
('Lukasz Skorupski', 6.79),
('Brahim Díaz', 6.79),
('Christian Kouamé', 6.79),
('Francesco Acerbi', 6.79),
('Nicolás González', 6.79),
('Stephan El Shaarawy', 6.79),
('Michele Di Gregorio', 6.79),
('Jérémie Boga', 6.78),
('Marcelo Brozovic', 6.78),
('Nicolò Rovella', 6.78),
('Emil Audero', 6.78),
('Filip Kostic', 6.78),
('Marten de Roon', 6.78),
('Nikola Milenkovic', 6.77),
('Davide Calabria', 6.77),
('Roberto Pereyra', 6.77),
('Wojciech Szczesny', 6.77),
('Hirving Lozano', 6.77),
('Riccardo Orsolini', 6.77),
('Alessandro Buongiorno', 6.77),
('Gabriel Strefezza', 6.77),
('Malick Thiaw', 6.76),
('Edin Dzeko', 6.75),
('Dusan Vlahovic', 6.75),
('Tammy Abraham', 6.75),
('Rodrigo Becão', 6.75),
('Razvan Marin', 6.74),
('Marco Carnesecchi', 6.74),
('Patrick Ciurria', 6.74),
('Pasquale Mazzocchi', 6.74),
('Nikola Vlasic', 6.74),
('Milan Djuric', 6.74),
('Lewis Ferguson', 6.73),
('André Onana', 6.72),
('Lassana Coulibaly', 6.72),
('Federico Baschirotto', 6.71),
('Rolando Mandragora', 6.71),
('Berat Djimsiti', 6.71),
('Norbert Gyömbér', 6.71),
('Éderson', 6.71),
('Alex Sandro', 6.7),
('Lazar Samardzic', 6.7),
('Marko Arnautovic', 6.7),
('Jerdy Schouten', 6.7),
('Nicolò Casale', 6.69),
('Giacomo Bonaventura', 6.69),
('Alex Meret', 6.69),
('Denzel Dumfries', 6.69),
('Arkadiusz Milik', 6.69),
('Henrikh Mkhitaryan', 6.69),
('Alessandro Bastoni', 6.68),
('Adam Marusic', 6.68),
('Antonio Candreva', 6.68),
('Ola Aina', 6.68),
('Perr Schuurs', 6.67),
('Bram Nuytinck', 6.67),
('Rasmus Højlund', 6.67),
('Gianluca Mancini', 6.67),
('Darko Lazovic', 6.67),
('Sandi Lovric', 6.66),
('Mathías Olivera', 6.66),
('Beto', 6.66),
('Johan Vásquez', 6.66),
('Walace', 6.66),
('Nehuén Pérez', 6.65),
('Simone Bastoni', 6.65),
('Leonardo Sernicola', 6.65),
('Sebastiano Luperto', 6.65),
('Wladimiro Falcone', 6.65),
('Ricardo Rodríguez', 6.65),
('Nemanja Matic', 6.65),
('Mike Maignan', 6.64),
('Aleksey Miranchuk', 6.64),
('MBala Nzola', 6.64),
('Stefano Sensi', 6.64),
('Eljif Elmas', 6.64),
('Emil Holm', 6.64),
('Nikola Moro', 6.64),
('Tyronne Ebuehi', 6.64),
('Wilfried Singo', 6.64),
('Dany Mota', 6.64),
('Dodô', 6.64),
('Giorgio Scalvini', 6.63),
('Ethan Ampadu', 6.63),
('Lorenzo Montipò', 6.63),
('Pedro', 6.63),
('Matteo Darmian', 6.63),
('Samuel Umtiti', 6.62),
('Mehdi Léris', 6.62),
('Musa Barrow', 6.62),
('Valentin Gendrey', 6.62),
('Simone Verdi', 6.62),
('Samuele Ricci', 6.62),
('Nicolò Cambiaghi', 6.61),
('Pablo Marí', 6.61),
('Arthur Cabral', 6.61),
('Alexis Blin', 6.6),
('Danilo Cataldi', 6.6),
('David Okereke', 6.6),
('Matteo Politano', 6.6),
('Jhon Lucumí', 6.6),
('Isak Hien', 6.6),
('Martin Erlic', 6.59),
('Krzysztof Piatek', 6.59),
('Nicola Zalewski', 6.59),
('Alessandro Zanoli', 6.59),
('Federico Chiesa', 6.59),
('Alexis Saelemaekers', 6.59),
('Pierre Kalulu', 6.59),
('Andrea Cambiaso', 6.59),
('Juan Musso', 6.58),
('Bartlomiej Dragowski', 6.58),
('Jonathan Ikoné', 6.58),
('Jean-Daniel Akpa Akpro', 6.58),
('Vanja Milinkovic-Savic', 6.58),
('Frank Tsadjout', 6.58),
('Remi Oudin', 6.58),
('Aleksa Terzic', 6.58),
('Merih Demiral', 6.57),
('Pawel Dawidowicz', 6.57),
('Matheus Henrique', 6.57),
('Lorenzo Pirola', 6.56),
('Manolo Gabbiadini', 6.56),
('Manuel Lazzari', 6.56),
('Marco Silvestri', 6.55),
('Luka Lochoshvili', 6.55),
('Rogerio', 6.55),
('Leonardo Spinazzola', 6.55),
('Filippo Bandinelli', 6.55),
('Tommaso Baldanzi', 6.55),
('Isaac Success', 6.54),
('Andrea Colpani', 6.54),
('Matías Vecino', 6.54),
('Francesco Caputo', 6.54),
('Charalampos Lykogiannis', 6.53),
('Flavius Daniliuc', 6.53),
('Kevin Agudelo', 6.53),
('Elseid Hysaj', 6.53),
('Antonino Gallo', 6.53),
('Luka Jovic', 6.53),
('Nicolò Fagioli', 6.53),
('Mehdi Bourabia', 6.52),
('Tommaso Augello', 6.52),
('Soualiho Meïté', 6.52),
('Valentino Lazaro', 6.52),
('Mario Pasalic', 6.52),
('Andrea Petagna', 6.51),
('Pietro Terracciano', 6.51),
('Arkadiusz Reca', 6.51),
('Alberto Grassi', 6.51),
('Matteo Bianchetti', 6.51),
('Maxime Lopez', 6.51),
('Duván Zapata', 6.51),
('Joakim Mæhle', 6.5),
('Emanuel Aiwu', 6.5),
('Luis Muriel', 6.5),
('Giangiacomo Magnani', 6.5),
('Koffi Djidji', 6.5),
('Gianluca Caprari', 6.5),
('Josh Doig', 6.5),
('Nemanja Radonjic', 6.49),
('Adama Soumaoro', 6.49),
('Bruno Amione', 6.49),
('Grigoris Kastanos', 6.49),
('Roberto Soriano', 6.48),
('Zeki Çelik', 6.48),
('Federico Ceccherini', 6.48),
('Mërgim Vojvoda', 6.48),
('Luca Caldirola', 6.48),
('Riccardo Saponara', 6.47),
('Emanuele Valeri', 6.47),
('Igor Julio', 6.47),
('Kingsley Ehizibue', 6.47),
('Tonny Vilhena', 6.46),
('Ante Rebic', 6.46),
('Sofyan Amrabat', 6.46),
('Harry Winks', 6.46),
('Rui Patrício', 6.45),
('Michele Castagnetti', 6.45),
('Kelvin Amian', 6.44),
('Joshua Zirkzee', 6.44),
('Milan Skriniar', 6.44),
('Filip Djuricic', 6.44),
('Robin Gosens', 6.44),
('Giacomo Raspadori', 6.44),
('Sam Lammers', 6.43),
('Assan Ceesay', 6.43),
('Marco Faraoni', 6.42),
('Karol Linetty', 6.42),
('Petar Stojanovic', 6.42),
('Tommaso Pobega', 6.42),
('Yann Karamoh', 6.42),
('Leandro Paredes', 6.41),
('Adrien Tameze', 6.41),
('Dylan Bronn', 6.41),
('Alfred Duncan', 6.4),
('Mattia Caldara', 6.4),
('Gary Medel', 6.39),
('Tomás Rincón', 6.39),
('Miguel Veloso', 6.39),
('Fabio Miretti', 6.39),
('Joan Gonzàlez', 6.39),
('Domagoj Bradaric', 6.39),
('Filippo Terracciano', 6.39),
('Joaquín Correa', 6.39),
('Antonín Barák', 6.38),
('Cyriel Dessers', 6.38),
('Andrea Pinamonti', 6.38),
('Charles De Ketelaere', 6.38),
('Emil Bohinen', 6.38),
('Fabio Depaoli', 6.37),
('Jeremy Toljan', 6.37),
('Federico Di Francesco', 6.37),
('Albin Ekdal', 6.37),
('Lameck Banda', 6.36),
('Diego Coppola', 6.36),
('Dimitrios Nikolaou', 6.36),
('José Machín', 6.35),
('Cristian Buonaiuto', 6.34),
('Jacopo Fazzini', 6.34),
('Daniel Ciofani', 6.34),
('Marlon Santos', 6.34),
('Nedim Bajrami', 6.34),
('Edoardo Bove', 6.34),
('Daniele Verde', 6.33),
('Martín Satriano', 6.33),
('Charles Pickel', 6.33),
('Samuele Birindelli', 6.33),
('Moise Kean', 6.33),
('Junior Sambia', 6.33),
('Divock Origi', 6.32),
('Ruan', 6.32),
('Andrea Consigli', 6.32),
('Enzo Ebosse', 6.31),
('Abdou Harroui', 6.31),
('Ilija Nestorovski', 6.31),
('Gian Marco Ferrari', 6.31),
('Lorenzo Colombo', 6.3),
('Kristian Thorstvedt', 6.3),
('Yayah Kallon', 6.28),
('Giovanni Simeone', 6.28),
('Tolgay Arslan', 6.28),
('Nicolas Haas', 6.27),
('Federico Bonazzoli', 6.27),
('Roberto Gagliardini', 6.27),
('Emmanuel Gyasi', 6.25),
('Kristjan Asllani', 6.25),
('Andrea Belotti', 6.25),
('Tanguy Ndombélé', 6.24),
('Jeison Murillo', 6.24),
('Kevin Lasagna', 6.23),
('Demba Seck', 6.23),
('Toma Basic', 6.22),
('Liam Henderson', 6.22),
('Kristoffer Askildsen', 6.21),
('Giacomo Quagliata', 6.21),
('Emil Ceïde', 6.2),
('Gregoire Defrel', 6.2),
('Erik Botheim', 6.19),
('Michel Aebischer', 6.18),
('Agustín Álvarez Martínez', 6.18),
('Fabio Quagliarella', 6.14),
('Nicola Murru', 6.14),
('Matteo Cancellieri', 6.12),
('Christian Gytkjær', 6.07),
('Felix Afena-Gyan', 6.04);

-- --------------------------------------------------------

--
-- Table structure for table `playerratings`
--

CREATE TABLE `playerratings` (
  `RatingID` int(11) NOT NULL,
  `PlayerID` int(11) DEFAULT NULL,
  `Overall` int(11) NOT NULL,
  `Rating` float NOT NULL
) ENGINE=InnoDB DEFAULT CHARSET=latin1 COLLATE=latin1_swedish_ci;

--
-- Dumping data for table `playerratings`
--

INSERT INTO `playerratings` (`RatingID`, `PlayerID`, `Overall`, `Rating`) VALUES
(1, 1, 87, 8.7),
(2, 2, 86, 8.6),
(3, 3, 85, 8.5),
(4, 4, 85, 8.5),
(5, 5, 84, 8.4),
(6, 6, 84, 8.4),
(7, 7, 84, 8.4),
(8, 8, 84, 8.4),
(9, 9, 83, 8.3),
(10, 10, 83, 8.3),
(11, 11, 82, 8.2),
(12, 12, 81, 8.1),
(13, 13, 80, 8),
(14, 14, 80, 8),
(15, 15, 80, 8),
(16, 16, 79, 7.9),
(17, 17, 78, 7.8),
(18, 18, 78, 7.8),
(19, 19, 77, 7.7),
(20, 20, 75, 7.5),
(21, 21, 75, 7.5),
(22, 22, 74, 7.4),
(23, 23, 74, 7.4),
(24, 24, 73, 7.3),
(25, 25, 64, 6.4),
(26, 26, 62, 6.2),
(27, 27, 61, 6.1),
(28, 28, 59, 5.9),
(29, 29, 58, 5.8),
(30, 30, 85, 8.5),
(31, 31, 84, 8.4),
(32, 32, 83, 8.3),
(33, 33, 82, 8.2),
(34, 34, 81, 8.1),
(35, 35, 80, 8),
(36, 36, 80, 8),
(37, 37, 80, 8),
(38, 38, 80, 8),
(39, 39, 80, 8),
(40, 40, 80, 8),
(41, 41, 79, 7.9),
(42, 42, 79, 7.9),
(43, 43, 79, 7.9),
(44, 44, 79, 7.9),
(45, 45, 79, 7.9),
(46, 46, 79, 7.9),
(47, 47, 79, 7.9),
(48, 48, 78, 7.8),
(49, 49, 77, 7.7),
(50, 50, 75, 7.5),
(51, 51, 75, 7.5),
(52, 52, 75, 7.5),
(53, 53, 74, 7.4),
(54, 54, 72, 7.2),
(55, 55, 71, 7.1),
(56, 56, 67, 6.7),
(57, 57, 65, 6.5),
(58, 58, 63, 6.3),
(59, 59, 59, 5.9),
(60, 60, 57, 5.7),
(61, 61, 57, 5.7),
(62, 62, 57, 5.7),
(63, 63, 57, 5.7),
(64, 64, 56, 5.6),
(65, 65, 56, 5.6),
(66, 66, 78, 7.8),
(67, 67, 78, 7.8),
(68, 68, 78, 7.8),
(69, 69, 77, 7.7),
(70, 70, 76, 7.6),
(71, 71, 76, 7.6),
(72, 72, 75, 7.5),
(73, 73, 75, 7.5),
(74, 74, 74, 7.4),
(75, 75, 74, 7.4),
(76, 76, 74, 7.4),
(77, 77, 74, 7.4),
(78, 78, 73, 7.3),
(79, 79, 73, 7.3),
(80, 80, 73, 7.3),
(81, 81, 73, 7.3),
(82, 82, 73, 7.3),
(83, 83, 72, 7.2),
(84, 84, 72, 7.2),
(85, 85, 72, 7.2),
(86, 86, 72, 7.2),
(87, 87, 71, 7.1),
(88, 88, 71, 7.1),
(89, 89, 70, 7),
(90, 90, 70, 7),
(91, 91, 65, 6.5),
(92, 92, 61, 6.1),
(93, 93, 82, 8.2),
(94, 94, 80, 8),
(95, 95, 79, 7.9),
(96, 96, 79, 7.9),
(97, 97, 78, 7.8),
(98, 98, 78, 7.8),
(99, 99, 77, 7.7),
(100, 100, 77, 7.7),
(101, 101, 76, 7.6),
(102, 102, 76, 7.6),
(103, 103, 76, 7.6),
(104, 104, 76, 7.6),
(105, 105, 76, 7.6),
(106, 106, 75, 7.5),
(107, 107, 75, 7.5),
(108, 108, 74, 7.4),
(109, 109, 74, 7.4),
(110, 110, 74, 7.4),
(111, 111, 73, 7.3),
(112, 112, 73, 7.3),
(113, 113, 72, 7.2),
(114, 114, 72, 7.2),
(115, 115, 71, 7.1),
(116, 116, 70, 7),
(117, 117, 68, 6.8),
(118, 118, 67, 6.7),
(119, 119, 65, 6.5),
(120, 120, 63, 6.3),
(121, 121, 62, 6.2),
(122, 122, 61, 6.1),
(123, 123, 61, 6.1),
(124, 124, 60, 6),
(125, 125, 81, 8.1),
(126, 126, 80, 8),
(127, 127, 80, 8),
(128, 128, 78, 7.8),
(129, 129, 78, 7.8),
(130, 130, 78, 7.8),
(131, 131, 78, 7.8),
(132, 132, 78, 7.8),
(133, 133, 77, 7.7),
(134, 134, 76, 7.6),
(135, 135, 76, 7.6),
(136, 136, 75, 7.5),
(137, 137, 75, 7.5),
(138, 138, 75, 7.5),
(139, 139, 74, 7.4),
(140, 140, 74, 7.4),
(141, 141, 73, 7.3),
(142, 142, 73, 7.3),
(143, 143, 72, 7.2),
(144, 144, 71, 7.1),
(145, 145, 71, 7.1),
(146, 146, 70, 7),
(147, 147, 69, 6.9),
(148, 148, 60, 6),
(149, 149, 58, 5.8),
(150, 150, 58, 5.8),
(151, 151, 53, 5.3),
(152, 152, 78, 7.8),
(153, 153, 76, 7.6),
(154, 154, 75, 7.5),
(155, 155, 75, 7.5),
(156, 156, 75, 7.5),
(157, 157, 75, 7.5),
(158, 158, 75, 7.5),
(159, 159, 74, 7.4),
(160, 160, 74, 7.4),
(161, 161, 74, 7.4),
(162, 162, 73, 7.3),
(163, 163, 73, 7.3),
(164, 164, 73, 7.3),
(165, 165, 73, 7.3),
(166, 166, 73, 7.3),
(167, 167, 73, 7.3),
(168, 168, 72, 7.2),
(169, 169, 72, 7.2),
(170, 170, 72, 7.2),
(171, 171, 71, 7.1),
(172, 172, 71, 7.1),
(173, 173, 71, 7.1),
(174, 174, 71, 7.1),
(175, 175, 70, 7),
(176, 176, 70, 7),
(177, 177, 69, 6.9),
(178, 178, 69, 6.9),
(179, 179, 69, 6.9),
(180, 180, 68, 6.8),
(181, 181, 67, 6.7),
(182, 182, 67, 6.7),
(183, 183, 65, 6.5),
(184, 184, 61, 6.1),
(185, 185, 86, 8.6),
(186, 186, 84, 8.4),
(187, 187, 84, 8.4),
(188, 188, 83, 8.3),
(189, 189, 83, 8.3),
(190, 190, 83, 8.3),
(191, 191, 81, 8.1),
(192, 192, 80, 8),
(193, 193, 79, 7.9),
(194, 194, 79, 7.9),
(195, 195, 79, 7.9),
(196, 196, 79, 7.9),
(197, 197, 78, 7.8),
(198, 198, 78, 7.8),
(199, 199, 78, 7.8),
(200, 200, 77, 7.7),
(201, 201, 77, 7.7),
(202, 202, 76, 7.6),
(203, 203, 75, 7.5),
(204, 204, 75, 7.5),
(205, 205, 74, 7.4),
(206, 206, 74, 7.4),
(207, 207, 74, 7.4),
(208, 208, 74, 7.4),
(209, 209, 73, 7.3),
(210, 210, 73, 7.3),
(211, 211, 70, 7),
(212, 212, 67, 6.7),
(213, 213, 65, 6.5),
(214, 214, 62, 6.2),
(215, 215, 61, 6.1),
(216, 216, 60, 6),
(217, 217, 79, 7.9),
(218, 218, 79, 7.9),
(219, 219, 78, 7.8),
(220, 220, 78, 7.8),
(221, 221, 78, 7.8),
(222, 222, 78, 7.8),
(223, 223, 77, 7.7),
(224, 224, 76, 7.6),
(225, 225, 76, 7.6),
(226, 226, 76, 7.6),
(227, 227, 76, 7.6),
(228, 228, 75, 7.5),
(229, 229, 75, 7.5),
(230, 230, 74, 7.4),
(231, 231, 74, 7.4),
(232, 232, 74, 7.4),
(233, 233, 74, 7.4),
(234, 234, 74, 7.4),
(235, 235, 74, 7.4),
(236, 236, 73, 7.3),
(237, 237, 73, 7.3),
(238, 238, 72, 7.2),
(239, 239, 71, 7.1),
(240, 240, 70, 7),
(241, 241, 66, 6.6),
(242, 242, 66, 6.6),
(243, 243, 64, 6.4),
(244, 244, 58, 5.8),
(245, 245, 57, 5.7),
(246, 246, 57, 5.7),
(247, 247, 56, 5.6),
(248, 248, 82, 8.2),
(249, 249, 81, 8.1),
(250, 250, 81, 8.1),
(251, 251, 80, 8),
(252, 252, 79, 7.9),
(253, 253, 77, 7.7),
(254, 254, 77, 7.7),
(255, 255, 77, 7.7),
(256, 256, 77, 7.7),
(257, 257, 77, 7.7),
(258, 258, 76, 7.6),
(259, 259, 76, 7.6),
(260, 260, 76, 7.6),
(261, 261, 76, 7.6),
(262, 262, 75, 7.5),
(263, 263, 75, 7.5),
(264, 264, 75, 7.5),
(265, 265, 75, 7.5),
(266, 266, 74, 7.4),
(267, 267, 72, 7.2),
(268, 268, 72, 7.2),
(269, 269, 72, 7.2),
(270, 270, 72, 7.2),
(271, 271, 66, 6.6),
(272, 272, 63, 6.3),
(273, 273, 63, 6.3),
(274, 274, 62, 6.2),
(275, 275, 60, 6),
(276, 276, 58, 5.8),
(277, 277, 83, 8.3),
(278, 278, 81, 8.1),
(279, 279, 78, 7.8),
(280, 280, 77, 7.7),
(281, 281, 77, 7.7),
(282, 282, 77, 7.7),
(283, 283, 77, 7.7),
(284, 284, 77, 7.7),
(285, 285, 76, 7.6),
(286, 286, 76, 7.6),
(287, 287, 76, 7.6),
(288, 288, 76, 7.6),
(289, 289, 76, 7.6),
(290, 290, 76, 7.6),
(291, 291, 76, 7.6),
(292, 292, 75, 7.5),
(293, 293, 75, 7.5),
(294, 294, 75, 7.5),
(295, 295, 74, 7.4),
(296, 296, 74, 7.4),
(297, 297, 73, 7.3),
(298, 298, 73, 7.3),
(299, 299, 72, 7.2),
(300, 300, 70, 7),
(301, 301, 69, 6.9),
(302, 302, 67, 6.7),
(303, 303, 61, 6.1),
(304, 304, 60, 6),
(305, 305, 58, 5.8),
(306, 306, 89, 8.9),
(307, 307, 89, 8.9),
(308, 308, 89, 8.9),
(309, 309, 86, 8.6),
(310, 310, 86, 8.6),
(311, 311, 85, 8.5),
(312, 312, 84, 8.4),
(313, 313, 84, 8.4),
(314, 314, 83, 8.3),
(315, 315, 83, 8.3),
(316, 316, 82, 8.2),
(317, 317, 82, 8.2),
(318, 318, 82, 8.2),
(319, 319, 81, 8.1),
(320, 320, 80, 8),
(321, 321, 80, 8),
(322, 322, 79, 7.9),
(323, 323, 79, 7.9),
(324, 324, 77, 7.7),
(325, 325, 77, 7.7),
(326, 326, 77, 7.7),
(327, 327, 73, 7.3),
(328, 328, 72, 7.2),
(329, 329, 69, 6.9),
(330, 330, 62, 6.2),
(331, 331, 61, 6.1),
(332, 332, 58, 5.8),
(333, 333, 74, 7.4),
(334, 334, 74, 7.4),
(335, 335, 74, 7.4),
(336, 336, 74, 7.4),
(337, 337, 73, 7.3),
(338, 338, 73, 7.3),
(339, 339, 73, 7.3),
(340, 340, 72, 7.2),
(341, 341, 72, 7.2),
(342, 342, 72, 7.2),
(343, 343, 71, 7.1),
(344, 344, 71, 7.1),
(345, 345, 71, 7.1),
(346, 346, 71, 7.1),
(347, 347, 71, 7.1),
(348, 348, 70, 7),
(349, 349, 70, 7),
(350, 350, 70, 7),
(351, 351, 69, 6.9),
(352, 352, 69, 6.9),
(353, 353, 68, 6.8),
(354, 354, 68, 6.8),
(355, 355, 67, 6.7),
(356, 356, 67, 6.7),
(357, 357, 67, 6.7),
(358, 358, 67, 6.7),
(359, 359, 67, 6.7),
(360, 360, 66, 6.6),
(361, 361, 51, 5.1),
(362, 362, 91, 9.1),
(363, 363, 91, 9.1),
(364, 364, 89, 8.9),
(365, 365, 89, 8.9),
(366, 366, 88, 8.8),
(367, 367, 88, 8.8),
(368, 368, 85, 8.5),
(369, 369, 85, 8.5),
(370, 370, 85, 8.5),
(371, 371, 85, 8.5),
(372, 372, 84, 8.4),
(373, 373, 82, 8.2),
(374, 374, 82, 8.2),
(375, 375, 82, 8.2),
(376, 376, 81, 8.1),
(377, 377, 80, 8),
(378, 378, 79, 7.9),
(379, 379, 79, 7.9),
(380, 380, 79, 7.9),
(381, 381, 77, 7.7),
(382, 382, 75, 7.5),
(383, 383, 74, 7.4),
(384, 384, 73, 7.3),
(385, 385, 65, 6.5),
(386, 386, 65, 6.5),
(387, 387, 62, 6.2),
(388, 388, 60, 6),
(389, 389, 89, 8.9),
(390, 390, 88, 8.8),
(391, 391, 87, 8.7),
(392, 392, 85, 8.5),
(393, 393, 85, 8.5),
(394, 394, 85, 8.5),
(395, 395, 84, 8.4),
(396, 396, 83, 8.3),
(397, 397, 83, 8.3),
(398, 398, 82, 8.2),
(399, 399, 81, 8.1),
(400, 400, 81, 8.1),
(401, 401, 80, 8),
(402, 402, 80, 8),
(403, 403, 80, 8),
(404, 404, 80, 8),
(405, 405, 80, 8),
(406, 406, 79, 7.9),
(407, 407, 79, 7.9),
(408, 408, 78, 7.8),
(409, 409, 78, 7.8),
(410, 410, 77, 7.7),
(411, 411, 76, 7.6),
(412, 412, 76, 7.6),
(413, 413, 75, 7.5),
(414, 414, 74, 7.4),
(415, 415, 72, 7.2),
(416, 416, 71, 7.1),
(417, 417, 70, 7),
(418, 418, 68, 6.8),
(419, 419, 62, 6.2),
(420, 420, 86, 8.6),
(421, 421, 85, 8.5),
(422, 422, 84, 8.4),
(423, 423, 84, 8.4),
(424, 424, 83, 8.3),
(425, 425, 82, 8.2),
(426, 426, 82, 8.2),
(427, 427, 81, 8.1),
(428, 428, 81, 8.1),
(429, 429, 81, 8.1),
(430, 430, 80, 8),
(431, 431, 79, 7.9),
(432, 432, 78, 7.8),
(433, 433, 78, 7.8),
(434, 434, 78, 7.8),
(435, 435, 76, 7.6),
(436, 436, 76, 7.6),
(437, 437, 75, 7.5),
(438, 438, 75, 7.5),
(439, 439, 75, 7.5),
(440, 440, 75, 7.5),
(441, 441, 74, 7.4),
(442, 442, 73, 7.3),
(443, 443, 73, 7.3),
(444, 444, 72, 7.2),
(445, 445, 72, 7.2),
(446, 446, 72, 7.2),
(447, 447, 72, 7.2),
(448, 448, 66, 6.6),
(449, 449, 66, 6.6),
(450, 450, 64, 6.4),
(451, 451, 63, 6.3),
(452, 452, 58, 5.8),
(453, 453, 81, 8.1),
(454, 454, 81, 8.1),
(455, 455, 79, 7.9),
(456, 456, 78, 7.8),
(457, 457, 78, 7.8),
(458, 458, 77, 7.7),
(459, 459, 77, 7.7),
(460, 460, 77, 7.7),
(461, 461, 77, 7.7),
(462, 462, 77, 7.7),
(463, 463, 76, 7.6),
(464, 464, 76, 7.6),
(465, 465, 76, 7.6),
(466, 466, 76, 7.6),
(467, 467, 76, 7.6),
(468, 468, 75, 7.5),
(469, 469, 75, 7.5),
(470, 470, 75, 7.5),
(471, 471, 75, 7.5),
(472, 472, 75, 7.5),
(473, 473, 74, 7.4),
(474, 474, 74, 7.4),
(475, 475, 73, 7.3),
(476, 476, 73, 7.3),
(477, 477, 73, 7.3),
(478, 478, 73, 7.3),
(479, 479, 72, 7.2),
(480, 480, 72, 7.2),
(481, 481, 71, 7.1),
(482, 482, 70, 7),
(483, 483, 70, 7),
(484, 484, 69, 6.9),
(485, 485, 66, 6.6),
(486, 486, 65, 6.5),
(487, 487, 61, 6.1),
(488, 488, 75, 7.5),
(489, 489, 75, 7.5),
(490, 490, 75, 7.5),
(491, 491, 75, 7.5),
(492, 492, 74, 7.4),
(493, 493, 74, 7.4),
(494, 494, 74, 7.4),
(495, 495, 74, 7.4),
(496, 496, 73, 7.3),
(497, 497, 73, 7.3),
(498, 498, 73, 7.3),
(499, 499, 73, 7.3),
(500, 500, 73, 7.3),
(501, 501, 72, 7.2),
(502, 502, 72, 7.2),
(503, 503, 72, 7.2),
(504, 504, 72, 7.2),
(505, 505, 71, 7.1),
(506, 506, 71, 7.1),
(507, 507, 71, 7.1),
(508, 508, 70, 7),
(509, 509, 70, 7),
(510, 510, 70, 7),
(511, 511, 69, 6.9),
(512, 512, 69, 6.9),
(513, 513, 68, 6.8),
(514, 514, 67, 6.7),
(515, 515, 67, 6.7),
(516, 516, 67, 6.7),
(517, 517, 66, 6.6),
(518, 518, 60, 6),
(519, 519, 60, 6),
(520, 520, 60, 6),
(521, 521, 55, 5.5),
(522, 522, 54, 5.4),
(523, 523, 87, 8.7),
(524, 524, 84, 8.4),
(525, 525, 84, 8.4),
(526, 526, 83, 8.3),
(527, 527, 82, 8.2),
(528, 528, 82, 8.2),
(529, 529, 82, 8.2),
(530, 530, 81, 8.1),
(531, 531, 81, 8.1),
(532, 532, 81, 8.1),
(533, 533, 80, 8),
(534, 534, 79, 7.9),
(535, 535, 79, 7.9),
(536, 536, 78, 7.8),
(537, 537, 78, 7.8),
(538, 538, 77, 7.7),
(539, 539, 77, 7.7),
(540, 540, 77, 7.7),
(541, 541, 77, 7.7),
(542, 542, 77, 7.7),
(543, 543, 77, 7.7),
(544, 544, 77, 7.7),
(545, 545, 76, 7.6),
(546, 546, 76, 7.6),
(547, 547, 75, 7.5),
(548, 548, 75, 7.5),
(549, 549, 75, 7.5),
(550, 550, 72, 7.2),
(551, 551, 64, 6.4),
(552, 552, 63, 6.3),
(553, 553, 63, 6.3),
(554, 554, 60, 6),
(555, 555, 58, 5.8),
(556, 556, 81, 8.1),
(557, 557, 81, 8.1),
(558, 558, 79, 7.9),
(559, 559, 79, 7.9),
(560, 560, 79, 7.9),
(561, 561, 79, 7.9),
(562, 562, 79, 7.9),
(563, 563, 79, 7.9),
(564, 564, 78, 7.8),
(565, 565, 78, 7.8),
(566, 566, 78, 7.8),
(567, 567, 78, 7.8),
(568, 568, 78, 7.8),
(569, 569, 78, 7.8),
(570, 570, 77, 7.7),
(571, 571, 77, 7.7),
(572, 572, 77, 7.7),
(573, 573, 77, 7.7),
(574, 574, 76, 7.6),
(575, 575, 76, 7.6),
(576, 576, 76, 7.6),
(577, 577, 74, 7.4),
(578, 578, 67, 6.7),
(579, 579, 64, 6.4),
(580, 580, 59, 5.9),
(581, 581, 58, 5.8),
(582, 582, 57, 5.7),
(583, 583, 57, 5.7),
(584, 584, 79, 7.9),
(585, 585, 78, 7.8),
(586, 586, 78, 7.8),
(587, 587, 78, 7.8),
(588, 588, 77, 7.7),
(589, 589, 77, 7.7),
(590, 590, 77, 7.7),
(591, 591, 77, 7.7),
(592, 592, 77, 7.7),
(593, 593, 77, 7.7),
(594, 594, 76, 7.6),
(595, 595, 76, 7.6),
(596, 596, 76, 7.6),
(597, 597, 76, 7.6),
(598, 598, 75, 7.5),
(599, 599, 75, 7.5),
(600, 600, 75, 7.5),
(601, 601, 75, 7.5),
(602, 602, 74, 7.4),
(603, 603, 73, 7.3),
(604, 604, 73, 7.3),
(605, 605, 72, 7.2),
(606, 606, 69, 6.9),
(607, 607, 68, 6.8),
(608, 608, 67, 6.7),
(609, 609, 64, 6.4),
(610, 610, 64, 6.4),
(611, 611, 61, 6.1),
(612, 612, 59, 5.9),
(613, 613, 55, 5.5),
(614, 614, 52, 5.2);

-- --------------------------------------------------------

--
-- Table structure for table `players`
--

CREATE TABLE `players` (
  `PlayerID` int(11) NOT NULL,
  `TeamID` int(11) DEFAULT NULL,
  `PlayerName` varchar(255) NOT NULL
) ENGINE=InnoDB DEFAULT CHARSET=latin1 COLLATE=latin1_swedish_ci;

--
-- Dumping data for table `players`
--

INSERT INTO `players` (`PlayerID`, `TeamID`, `PlayerName`) VALUES
(1, 1, 'M. Ødegaard'),
(2, 1, 'Bukayo Saka'),
(3, 1, 'Declan Rice'),
(4, 1, 'Thomas Partey'),
(5, 1, 'Aaron Ramsdale'),
(6, 1, 'Gabriel'),
(7, 1, 'Gabriel Jesus'),
(8, 1, 'Gabriel Martinelli'),
(9, 1, 'William Saliba'),
(10, 1, 'Jorginho'),
(11, 1, 'Kai Havertz'),
(12, 1, 'L. Trossard'),
(13, 1, 'Benjamin White'),
(14, 1, 'O. Zinchenko'),
(15, 1, 'David Raya'),
(16, 1, 'Jurriën Timber'),
(17, 1, 'E. Smith Rowe'),
(18, 1, 'T. Tomiyasu'),
(19, 1, 'Fábio Vieira'),
(20, 1, 'Eddie Nketiah'),
(21, 1, 'Mohamed Elneny'),
(22, 1, 'Reiss Nelson'),
(23, 1, 'Jakub Kiwior'),
(24, 1, 'Cédric'),
(25, 1, 'Karl Hein'),
(26, 1, 'Miguel Azeez'),
(27, 1, 'Joel Ideho'),
(28, 1, 'A. Cozier-Duberry'),
(29, 1, 'Lino Sousa'),
(30, 2, 'E. Martínez'),
(31, 2, 'Moussa Diaby'),
(32, 2, 'Pau Torres'),
(33, 2, 'Youri Tielemans'),
(34, 2, 'Diego Carlos'),
(35, 2, 'Coutinho'),
(36, 2, 'Nicolò Zaniolo'),
(37, 2, 'Boubacar Kamara'),
(38, 2, 'E. Buendía'),
(39, 2, 'Ollie Watkins'),
(40, 2, 'Álex Moreno'),
(41, 2, 'Douglas Luiz'),
(42, 2, 'Leon Bailey'),
(43, 2, 'Ezri Konsa'),
(44, 2, 'Matty Cash'),
(45, 2, 'Tyrone Mings'),
(46, 2, 'John McGinn'),
(47, 2, 'Lucas Digne'),
(48, 2, 'Jacob Ramsey'),
(49, 2, 'C. Lenglet'),
(50, 2, 'Jacob Ramsey'),
(51, 2, 'L. Dendoncker'),
(52, 2, 'Robin Olsen'),
(53, 2, 'Calum Chambers'),
(54, 2, 'Kortney Hause'),
(55, 2, 'Jed Steer'),
(56, 2, 'Tim Iroegbunam'),
(57, 2, 'Jhon Durán'),
(58, 2, 'Ben Chrisene'),
(59, 2, 'T. O Reilly'),
(60, 2, 'Oliwier Zych'),
(61, 2, 'Joshua Feeney'),
(62, 2, 'Filip Marschall'),
(63, 2, 'C. Chukwuemeka'),
(64, 2, 'Sil Swinkels'),
(65, 2, 'Rico Richards'),
(66, 3, 'Luis Sinisterra'),
(67, 3, 'Tyler Adams'),
(68, 3, 'Neto'),
(69, 3, 'Justin Kluivert'),
(70, 3, 'H. Traorè'),
(71, 3, 'Marcos Senesi'),
(72, 3, 'Milos Kerkez'),
(73, 3, 'M. Tavernier'),
(74, 3, 'David Brooks'),
(75, 3, 'Lewis Cook'),
(76, 3, 'Ryan Christie'),
(77, 3, 'Adam Smith'),
(78, 3, 'Kieffer Moore'),
(79, 3, 'Lloyd Kelly'),
(80, 3, 'Max Aarons'),
(81, 3, 'Joe Rothwell'),
(82, 3, 'Illia Zabarnyi'),
(83, 3, 'Dango Ouattara'),
(84, 3, 'I. Radu'),
(85, 3, 'Alex Scott'),
(86, 3, 'Darren Randolph'),
(87, 3, 'J. Stanislas'),
(88, 3, 'Chris Mepham'),
(89, 3, 'Antoine Semenyo'),
(90, 3, 'E. Marcondes'),
(91, 3, 'Gavin Kilkenny'),
(92, 3, 'N. Moriah-Welsh'),
(93, 4, 'Mark Flekken'),
(94, 4, 'Ivan Toney'),
(95, 4, 'Ethan Pinnock'),
(96, 4, 'Ben Mee'),
(97, 4, 'Bryan Mbeumo'),
(98, 4, 'Rico Henry'),
(99, 4, 'C. Nørgaard'),
(100, 4, 'Yoane Wissa'),
(101, 4, 'Aaron Hickey'),
(102, 4, 'Nathan Collins'),
(103, 4, 'M. Damsgaard'),
(104, 4, 'Vitaly Janelt'),
(105, 4, 'Mathias Jensen'),
(106, 4, 'Ethan Pinnock'),
(107, 4, 'Aaron Hickey'),
(108, 4, 'Neal Maupay'),
(109, 4, 'T. Strakosha'),
(110, 4, 'Zanka'),
(111, 4, 'Josh Dasilva'),
(112, 4, 'Frank Onyeka'),
(113, 4, 'Kevin Schade'),
(114, 4, 'K. Lewis-Potter'),
(115, 4, 'Mads Roerslev'),
(116, 4, 'S. Baptiste'),
(117, 4, 'Saman Ghoddos'),
(118, 4, 'Charlie Goode'),
(119, 4, 'Yehor Yarmoliuk'),
(120, 4, 'M. Peart-Harris'),
(121, 4, 'Ji Soo Kim'),
(122, 4, 'Ethan Brierley'),
(123, 4, 'N. Young-Coombes'),
(124, 4, 'Ellery Balcombe'),
(125, 5, 'Lewis Dunk'),
(126, 5, 'Kaoru Mitoma'),
(127, 5, 'P. Estupiñán'),
(128, 5, 'Anssumane Fati'),
(129, 5, 'Mahmoud Dahoud'),
(130, 5, 'Joël Veltman'),
(131, 5, 'Adam Webster'),
(132, 5, 'Pascal Groß'),
(133, 5, 'James Milner'),
(134, 5, 'Enock Mwepu'),
(135, 5, 'Igor'),
(136, 5, 'Tariq Lamptey'),
(137, 5, 'Bart Verbruggen'),
(138, 5, 'Tariq Lamptey'),
(139, 5, 'Evan Ferguson'),
(140, 5, 'Jakub Moder'),
(141, 5, 'João Pedro'),
(142, 5, 'Simon Adingra'),
(143, 5, 'Billy Gilmour'),
(144, 5, 'J. van Hecke'),
(145, 5, 'Jason Steele'),
(146, 5, 'J. Enciso'),
(147, 5, 'F. Buonanotte'),
(148, 5, 'Antef Tsoungui'),
(149, 5, 'Tom McGill'),
(150, 5, 'Jamie Mullins'),
(151, 5, 'Jack Hinchy'),
(152, 6, 'Mike Trésor'),
(153, 6, 'Josh Cullen'),
(154, 6, 'Jordan Beyer'),
(155, 6, 'Arijanet Muri'),
(156, 6, 'Sander Berge'),
(157, 6, 'Connor Roberts'),
(158, 6, 'Josh Brownhill'),
(159, 6, 'Benson Manuel'),
(160, 6, 'Anass Zaroury'),
(161, 6, 'Zeki Amdouni'),
(162, 6, 'Jay Rodriguez'),
(163, 6, 'J. Guðmundsson'),
(164, 6, 'Hjalmar Ekdal'),
(165, 6, 'J. Bruun Larsen'),
(166, 6, 'Charlie Taylor'),
(167, 6, 'Jack Cork'),
(168, 6, 'Hannes Delcroix'),
(169, 6, 'D. O Shea'),
(170, 6, 'Ameen Al-Dakhil'),
(171, 6, 'Matthew Lowton'),
(172, 6, 'H. Massengo'),
(173, 6, 'James Trafford'),
(174, 6, 'Victor da Silva'),
(175, 6, 'Aaron Ramsey'),
(176, 6, 'Samuel Bastien'),
(177, 6, 'Lyle Foster'),
(178, 6, 'Michael Obafemi'),
(179, 6, 'Darko Churlinov'),
(180, 6, 'Wilson Odobert'),
(181, 6, 'L. Koleosho'),
(182, 6, 'CJ Egan-Riley'),
(183, 6, 'L. Vigouroux'),
(184, 6, 'Denis Franchi'),
(185, 7, 'C. Nkunku'),
(186, 7, 'Thiago Silva'),
(187, 7, 'Reece James'),
(188, 7, 'Édouard Mendy'),
(189, 7, 'Enzo Fernández'),
(190, 7, 'Raheem Sterling'),
(191, 7, 'Ben Chilwell'),
(192, 7, 'Moisés Caicedo'),
(193, 7, 'Wesley Fofana'),
(194, 7, 'Cucurella'),
(195, 7, 'Axel Disasi'),
(196, 7, 'Robert Sánchez'),
(197, 7, 'Nicolas Jackson'),
(198, 7, 'B. Badiashile'),
(199, 7, 'Conor Gallagher'),
(200, 7, 'Noni Madueke'),
(201, 7, 'Trevoh Chalobah'),
(202, 7, 'Malo Gusto'),
(203, 7, 'Armando Broja'),
(204, 7, 'Mykhailo Mudryk'),
(205, 7, 'Petrovi'),
(206, 7, 'Ian Maatsen'),
(207, 7, 'Malang Sarr'),
(208, 7, 'Levi Colwill'),
(209, 7, 'L. Ugochukwu'),
(210, 7, 'Romeo Lavia'),
(211, 7, 'M. Bettinelli'),
(212, 7, 'Cole Palmer'),
(213, 7, 'C. Chukwuemeka'),
(214, 7, 'Juan Castillo'),
(215, 7, 'Dylan Williams'),
(216, 7, 'Josh Brooking'),
(217, 8, 'Eberechi Eze'),
(218, 8, 'Dean Henderson'),
(219, 8, 'Michael Olise'),
(220, 8, 'C. Doucouré'),
(221, 8, 'Marc Guéhi'),
(222, 8, 'J. Andersen'),
(223, 8, 'Jefferson Lerma'),
(224, 8, 'Tyrick Mitchell'),
(225, 8, 'Rob Holding'),
(226, 8, 'Sam Johnstone'),
(227, 8, 'Jeffrey Schlupp'),
(228, 8, 'J. Mateta'),
(229, 8, 'Odsonne Edouard'),
(230, 8, 'Joel Ward'),
(231, 8, 'Chris Richards'),
(232, 8, 'J. Riedewald'),
(233, 8, 'Jordan Ayew'),
(234, 8, 'Will Hughes'),
(235, 8, 'Nathaniel Clyne'),
(236, 8, 'James McArthur'),
(237, 8, 'L. Milivojevi'),
(238, 8, 'James Tomkins'),
(239, 8, 'J. Rak-Sakyi'),
(240, 8, 'N. Ahamada'),
(241, 8, 'Nathan Ferguson'),
(242, 8, 'Malcolm Ebiowei'),
(243, 8, 'Remi Matthews'),
(244, 8, 'Tayo Adaramola'),
(245, 8, 'Joe Whitworth'),
(246, 8, 'J. Wells-Morrison'),
(247, 8, 'Victor Akinwale'),
(248, 9, 'Jordan Pickford'),
(249, 9, 'Beto'),
(250, 9, 'Arnaut Danjuma'),
(251, 9, 'Allan'),
(252, 9, 'James Tarkowski'),
(253, 9, 'André Gomes'),
(254, 9, 'A. Doucouré'),
(255, 9, 'Michael Keane'),
(256, 9, 'Idrissa Gueye'),
(257, 9, 'D. Calvert-Lewin'),
(258, 9, 'Amadou Onana'),
(259, 9, 'Dwight McNeil'),
(260, 9, 'Jack Harrison'),
(261, 9, 'Ashley Young'),
(262, 9, 'Tom Davies'),
(263, 9, 'V. Mykolenko'),
(264, 9, 'Ben Godfrey'),
(265, 9, 'Séamus Coleman'),
(266, 9, 'Andros Townsend'),
(267, 9, 'Y. Chermiti'),
(268, 9, 'J. Branthwaite'),
(269, 9, 'N. Patterson'),
(270, 9, 'James Garner'),
(271, 9, 'João Virgínia'),
(272, 9, 'Lewis Dobbin'),
(273, 9, 'Kyle John'),
(274, 9, 'Ryan Astley'),
(275, 9, 'Tyler Onyango'),
(276, 9, 'Andy Lonergan'),
(277, 10, 'Palhinha'),
(278, 10, 'Bernd Leno'),
(279, 10, 'Issa Diop'),
(280, 10, 'Andreas Pereira'),
(281, 10, 'Willian'),
(282, 10, 'Saša Luki'),
(283, 10, 'T. Castagne'),
(284, 10, 'T. Adarabioyo'),
(285, 10, 'A. Robinson'),
(286, 10, 'Kenny Tete'),
(287, 10, 'Adama Traoré'),
(288, 10, 'Alex Iwobi'),
(289, 10, 'Harrison Reed'),
(290, 10, 'Raúl Jiménez'),
(291, 10, 'B. Decordova-Reid'),
(292, 10, 'Vinícius'),
(293, 10, 'Marek Rodák'),
(294, 10, 'Harry Wilson'),
(295, 10, 'Calvin Bassey'),
(296, 10, 'Tom Cairney'),
(297, 10, 'Neeskens Kebano'),
(298, 10, 'Tim Ream'),
(299, 10, 'F. Ballo-Touré'),
(300, 10, 'Josh Onomah'),
(301, 10, 'Rodrigo Muniz'),
(302, 10, 'Steven Benda'),
(303, 10, 'Luke Harris'),
(304, 10, 'K. Šekularac'),
(305, 10, 'George Wickens'),
(306, 11, 'Virgil van Dijk'),
(307, 11, 'Alisson'),
(308, 11, 'Mohamed Salah'),
(309, 11, 'T. Alexander-Arnold'),
(310, 11, 'A. Robertson'),
(311, 11, 'Diogo Jota'),
(312, 11, 'Thiago'),
(313, 11, 'Luis Díaz'),
(314, 11, 'Roberto Firmino'),
(315, 11, 'Cody Gakpo'),
(316, 11, 'Darwin Núñez'),
(317, 11, 'A. Mac Allister'),
(318, 11, 'D. Szoboszlai'),
(319, 11, 'I. Konaté'),
(320, 11, 'Wataru Endo'),
(321, 11, 'Joel Matip'),
(322, 11, 'R. Gravenberch'),
(323, 11, 'Joe Gomez'),
(324, 11, 'Harvey Elliott'),
(325, 11, 'Curtis Jones'),
(326, 11, 'K. Tsimikas'),
(327, 11, 'C. Kelleher'),
(328, 11, 'Adrián'),
(329, 11, 'Conor Bradley'),
(330, 11, 'Kaide Gordon'),
(331, 11, 'V. Jaroš'),
(332, 11, 'Paul Glatzel'),
(333, 12, 'A. Sambi Lokonga'),
(334, 12, 'Ross Barkley'),
(335, 12, 'Ryan Giles'),
(336, 12, 'Tom Lockyer'),
(337, 12, 'Tim Krul'),
(338, 12, 'Issa Kaboré'),
(339, 12, 'Thomas Kaminski'),
(340, 12, 'Alfie Doughty'),
(341, 12, 'Carlton Morris'),
(342, 12, 'Elijah Adebayo'),
(343, 12, 'Tahith Chong'),
(344, 12, 'M. Andersen'),
(345, 12, 'P. Mpanzu'),
(346, 12, 'A. Bell'),
(347, 12, 'Jordan Clark'),
(348, 12, 'Reece Burke'),
(349, 12, 'Gabriel Osho'),
(350, 12, 'C. Ogbene'),
(351, 12, 'Cauley Woodrow'),
(352, 12, 'Jacob Brown'),
(353, 12, 'Dan Potts'),
(354, 12, 'Luke Berry'),
(355, 12, 'Matt Macey'),
(356, 12, 'Henri Lansbury'),
(357, 12, 'Luke Freeman'),
(358, 12, 'Teden Mengi'),
(359, 12, 'James Shea'),
(360, 12, 'Glen Rea'),
(361, 12, 'Avan Jones'),
(362, 13, 'Erling Haaland'),
(363, 13, 'Kevin De Bruyne'),
(364, 13, 'Rúben Dias'),
(365, 13, 'Rodri'),
(366, 13, 'Bernardo Silva'),
(367, 13, 'Ederson'),
(368, 13, 'Riyad Mahrez'),
(369, 13, 'Phil Foden'),
(370, 13, 'Jack Grealish'),
(371, 13, 'John Stones'),
(372, 13, 'Kyle Walker'),
(373, 13, 'Joško Gvardiol'),
(374, 13, 'Manuel Akanji'),
(375, 13, 'Mateo Kovai'),
(376, 13, 'Nathan Aké'),
(377, 13, 'J. Álvarez'),
(378, 13, 'Matheus Nunes'),
(379, 13, 'Kalvin Phillips'),
(380, 13, 'Stefan Ortega'),
(381, 13, 'Jérémy Doku'),
(382, 13, 'Zack Steffen'),
(383, 13, 'Sergio Gómez'),
(384, 13, 'Rico Lewis'),
(385, 13, 'Lewis Fiorini'),
(386, 13, 'Scott Carson'),
(387, 13, 'Luke Mbete'),
(388, 13, 'Ben Knight'),
(389, 14, 'Casemiro'),
(390, 14, 'Bruno Fernandes'),
(391, 14, 'De Gea'),
(392, 14, 'Marcus Rashford'),
(393, 14, 'André Onana'),
(394, 14, 'Raphaël Varane'),
(395, 14, 'L. Martínez'),
(396, 14, 'Luke Shaw'),
(397, 14, 'C. Eriksen'),
(398, 14, 'Jadon Sancho'),
(399, 14, 'Antony'),
(400, 14, 'Mason Mount'),
(401, 14, 'Diogo Dalot'),
(402, 14, 'A. Wan-Bissaka'),
(403, 14, 'Sofyan Amrabat'),
(404, 14, 'V. Lindelöf'),
(405, 14, 'Anthony Martial'),
(406, 14, 'Scott McTominay'),
(407, 14, 'Harry Maguire'),
(408, 14, 'Reguilón'),
(409, 14, 'Tyrell Malacia'),
(410, 14, 'D. van de Beek'),
(411, 14, 'Rasmus Højlund'),
(412, 14, 'A. Bayndr'),
(413, 14, 'Alejandro Garnacho'),
(414, 14, 'Amad Diallo'),
(415, 14, 'Tom Heaton'),
(416, 14, 'F. Pellistri'),
(417, 14, 'Phil Jones'),
(418, 14, 'Hannibal Mejbri'),
(419, 14, 'Shola Shoretire'),
(420, 15, 'Sandro Tonali'),
(421, 15, 'Kieran Trippier'),
(422, 15, 'Nick Pope'),
(423, 15, 'Bruno Guimarães'),
(424, 15, 'Sven Botman'),
(425, 15, 'Fabian Schär'),
(426, 15, 'Callum Wilson'),
(427, 15, 'A. Saint-Maximin'),
(428, 15, 'Alexander Isak'),
(429, 15, 'Miguel Almirón'),
(430, 15, 'Harvey Barnes'),
(431, 15, 'Dan Burn'),
(432, 15, 'Joe Willock'),
(433, 15, 'Sean Longstaff'),
(434, 15, 'M. Dúbravka'),
(435, 15, 'Matt Targett'),
(436, 15, 'Jacob Murphy'),
(437, 15, 'Jonjo Shelvey'),
(438, 15, 'Chris Wood'),
(439, 15, 'Anthony Gordon'),
(440, 15, 'J. Lascelles'),
(441, 15, 'Tino Livramento'),
(442, 15, 'Emil Krafth'),
(443, 15, 'Paul Dummett'),
(444, 15, 'Matt Ritchie'),
(445, 15, 'Manquillo'),
(446, 15, 'Elliot Anderson'),
(447, 15, 'Loris Karius'),
(448, 15, 'Lewis Hall'),
(449, 15, 'Mark Gillespie'),
(450, 15, 'Santiago Muñoz'),
(451, 15, 'Alex Murphy'),
(452, 15, 'Michael Ndiweni'),
(453, 16, 'I. Sangaré'),
(454, 16, 'O. Vlachodimos'),
(455, 16, 'Gonzalo Montiel'),
(456, 16, 'Felipe'),
(457, 16, 'Serge Aurier'),
(458, 16, 'N. Domínguez'),
(459, 16, 'M. Gibbs-White'),
(460, 16, 'Matt Turner'),
(461, 16, 'Taiwo Awoniyi'),
(462, 16, 'M. Niakhaté'),
(463, 16, 'C. Kouyaté'),
(464, 16, 'Jesse Lingard'),
(465, 16, 'Nuno Tavares'),
(466, 16, 'Orel Mangala'),
(467, 16, 'Willy Boly'),
(468, 16, 'M. Gibbs-White'),
(469, 16, 'C. Hudson-Odoi'),
(470, 16, 'Emmanuel Dennis'),
(471, 16, 'Ryan Yates'),
(472, 16, 'Divock Origi'),
(473, 16, 'Joe Worrall'),
(474, 16, 'Neco Williams'),
(475, 16, 'Wayne Hennessey'),
(476, 16, 'Ola Aina'),
(477, 16, 'Scott McKenna'),
(478, 16, 'Anthony Elanga'),
(479, 16, 'Omar Richards'),
(480, 16, 'Ethan Horvath'),
(481, 16, 'Harry Toffolo'),
(482, 16, 'A. Omobamidele'),
(483, 16, 'G. Biancone'),
(484, 16, 'Lyle Taylor'),
(485, 16, 'Loïc Mbe Soh'),
(486, 16, 'Harry Arter'),
(487, 16, 'Ateef Konaté'),
(488, 17, 'Sander Berge'),
(489, 17, 'Vinicius Souza'),
(490, 17, 'A. Ahmedhodži'),
(491, 17, 'Gustavo Hamer'),
(492, 17, 'Wes Foderingham'),
(493, 17, 'Oliver Norwood'),
(494, 17, 'Tom Davies'),
(495, 17, 'John Egan'),
(496, 17, 'Luke Thomas'),
(497, 17, 'Jayden Bogle'),
(498, 17, 'Cameron Archer'),
(499, 17, 'Chris Basham'),
(500, 17, 'Auston Trusty'),
(501, 17, 'Ciaran Clark'),
(502, 17, 'Jack Robinson'),
(503, 17, 'Oli McBurnie'),
(504, 17, 'Max Lowe'),
(505, 17, 'Ben Osborn'),
(506, 17, 'George Baldock'),
(507, 17, 'John Fleck'),
(508, 17, 'J. O Connell'),
(509, 17, 'Adam Davies'),
(510, 17, 'James McAtee'),
(511, 17, 'R. Norrington-Davies'),
(512, 17, 'Yasser Larouci'),
(513, 17, 'Rhian Brewster'),
(514, 17, 'Bénie Traore'),
(515, 17, 'I. Coulibaly'),
(516, 17, 'Anis Slimane'),
(517, 17, 'Daniel Jebbison'),
(518, 17, 'Femi Seriki'),
(519, 17, 'A. Hackford'),
(520, 17, 'William Osula'),
(521, 17, 'Jordan Amissah'),
(522, 17, 'Kyron Gordon'),
(523, 18, 'Heung Min Son'),
(524, 18, 'James Maddison'),
(525, 18, 'P. Højbjerg'),
(526, 18, 'Hugo Lloris'),
(527, 18, 'G. Vicario'),
(528, 18, 'Cristian Romero'),
(529, 18, 'R. Bentancur'),
(530, 18, 'D. Kulusevski'),
(531, 18, 'Pedro Porro'),
(532, 18, 'G. Lo Celso'),
(533, 18, 'Richarlison'),
(534, 18, 'Yves Bissouma'),
(535, 18, 'Ivan Periši'),
(536, 18, 'M. van de Ven'),
(537, 18, 'Emerson Royal'),
(538, 18, 'Lucas Moura'),
(539, 18, 'Ben Davies'),
(540, 18, 'Eric Dier'),
(541, 18, 'Destiny Udogie'),
(542, 18, 'Manor Solomon'),
(543, 18, 'Bryan Gil'),
(544, 18, 'Oliver Skipp'),
(545, 18, 'Brennan Johnson'),
(546, 18, 'Fraser Forster'),
(547, 18, 'Djed Spence'),
(548, 18, 'Alejo Veliz'),
(549, 18, 'Ryan Sessegnon'),
(550, 18, 'Pape Matar Sarr'),
(551, 18, 'Brandon Austin'),
(552, 18, 'Jamie Bowden'),
(553, 18, 'Alfie Whiteman'),
(554, 18, 'Ashley Phillips'),
(555, 18, 'B. Lyons-Foster'),
(556, 19, 'Edson Álvarez'),
(557, 19, 'Lucas Paquetá'),
(558, 19, 'Mohammed Kudus'),
(559, 19, 'Nayef Aguerd'),
(560, 19, 'Tomáš Souek'),
(561, 19, 'Jarrod Bowen'),
(562, 19, 'Kurt Zouma'),
(563, 19, 'Fabiaski'),
(564, 19, 'V. Coufal'),
(565, 19, 'K. Mavropanos'),
(566, 19, 'Saïd Benrahma'),
(567, 19, 'J. Ward-Prowse'),
(568, 19, 'Alphonse Areola'),
(569, 19, 'Michail Antonio'),
(570, 19, 'Emerson'),
(571, 19, 'Danny Ings'),
(572, 19, 'Aaron Cresswell'),
(573, 19, 'Pablo Fornals'),
(574, 19, 'Thilo Kehrer'),
(575, 19, 'Maxwel Cornet'),
(576, 19, 'Angelo Ogbonna'),
(577, 19, 'Ben Johnson'),
(578, 19, 'Conor Coventry'),
(579, 19, 'Joseph Anang'),
(580, 19, 'Daniel Chesters'),
(581, 19, 'Thierry Nevers'),
(582, 19, 'Jamal Baptiste'),
(583, 19, 'Divin Mubama'),
(584, 20, 'José Sá'),
(585, 20, 'Matheus Cunha'),
(586, 20, 'Nélson Semedo'),
(587, 20, 'Pablo Sarabia'),
(588, 20, 'Daniel Podence'),
(589, 20, 'João Moutinho'),
(590, 20, 'Craig Dawson'),
(591, 20, 'S. Kalajdži'),
(592, 20, 'Pedro Neto'),
(593, 20, 'Santiago Bueno'),
(594, 20, 'Diego Costa'),
(595, 20, 'Max Kilman'),
(596, 20, 'Hee Chan Hwang'),
(597, 20, 'Jonny'),
(598, 20, 'Nathan Collins'),
(599, 20, 'R. Aït Nouri'),
(600, 20, 'J. Bellegarde'),
(601, 20, 'Matt Doherty'),
(602, 20, 'Toti Gomes'),
(603, 20, 'Fábio Silva'),
(604, 20, 'Daniel Bentley'),
(605, 20, 'Hugo Bueno'),
(606, 20, 'Tommy Doyle'),
(607, 20, 'B. Traoré'),
(608, 20, 'Léo Bonatini'),
(609, 20, 'Bruno Jordão'),
(610, 20, 'Tom King'),
(611, 20, 'Joe Hodge'),
(612, 20, 'Luke Matheson'),
(613, 20, 'H. Birtwistle'),
(614, 20, 'Oliver Tipton');

-- --------------------------------------------------------

--
-- Table structure for table `teams`
--

CREATE TABLE `teams` (
  `TeamID` int(11) NOT NULL,
  `TeamName` varchar(255) NOT NULL,
  `logo` varchar(255) NOT NULL
) ENGINE=InnoDB DEFAULT CHARSET=latin1 COLLATE=latin1_swedish_ci;

--
-- Dumping data for table `teams`
--

INSERT INTO `teams` (`TeamID`, `TeamName`, `logo`) VALUES
(1, 'Arsenal', './2.png'),
(2, 'Aston Villa', './3.png'),
(3, 'Bournemouth', './1.png'),
(4, 'Brentford', './4.png'),
(5, 'Brighton', './5.png'),
(6, 'Burnley', './10.png'),
(7, 'Chelsea', './6.png'),
(8, 'Crystal Palace', './7.png'),
(9, 'Everton', './8.png'),
(10, 'Fulham', './9.png'),
(11, 'Liverpool', './12.png'),
(12, 'Luton Town', './11.png'),
(13, 'Man City', './13.png'),
(14, 'Man United', './14.png'),
(15, 'Newcastle', './15.png'),
(16, 'Nottm Forest', './16.png'),
(17, 'Sheffield United', './17.png'),
(18, 'Tottenham ', './18.png'),
(19, 'West Ham', './19.png'),
(20, 'Wolves', './20.png');

--
-- Indexes for dumped tables
--

--
-- Indexes for table `matchdayratings`
--
ALTER TABLE `matchdayratings`
  ADD PRIMARY KEY (`MatchdayRatingID`),
  ADD KEY `HomeTeamID` (`HomeTeamID`),
  ADD KEY `AwayTeamID` (`AwayTeamID`);

--
-- Indexes for table `playerratings`
--
ALTER TABLE `playerratings`
  ADD PRIMARY KEY (`RatingID`),
  ADD KEY `PlayerID` (`PlayerID`);

--
-- Indexes for table `players`
--
ALTER TABLE `players`
  ADD PRIMARY KEY (`PlayerID`),
  ADD KEY `TeamID` (`TeamID`);

--
-- Indexes for table `teams`
--
ALTER TABLE `teams`
  ADD PRIMARY KEY (`TeamID`);

--
-- Constraints for dumped tables
--

--
-- Constraints for table `matchdayratings`
--
ALTER TABLE `matchdayratings`
  ADD CONSTRAINT `MatchdayRatings_ibfk_1` FOREIGN KEY (`HomeTeamID`) REFERENCES `teams` (`TeamID`),
  ADD CONSTRAINT `MatchdayRatings_ibfk_2` FOREIGN KEY (`AwayTeamID`) REFERENCES `teams` (`TeamID`);

--
-- Constraints for table `playerratings`
--
ALTER TABLE `playerratings`
  ADD CONSTRAINT `PlayerRatings_ibfk_1` FOREIGN KEY (`PlayerID`) REFERENCES `players` (`PlayerID`);

--
-- Constraints for table `players`
--
ALTER TABLE `players`
  ADD CONSTRAINT `Players_ibfk_1` FOREIGN KEY (`TeamID`) REFERENCES `teams` (`TeamID`);
COMMIT;

/*!40101 SET CHARACTER_SET_CLIENT=@OLD_CHARACTER_SET_CLIENT */;
/*!40101 SET CHARACTER_SET_RESULTS=@OLD_CHARACTER_SET_RESULTS */;
/*!40101 SET COLLATION_CONNECTION=@OLD_COLLATION_CONNECTION */;
